date,year,month,day,dayofweek,is_weekend,quarter,day_of_year,week_of_year,demand_1293_mean,demand_1293_max,demand_1293_min,demand_1293_std,demand_1293_h00,demand_1293_h01,demand_1293_h02,demand_1293_h03,demand_1293_h04,demand_1293_h05,demand_1293_h06,demand_1293_h07,demand_1293_h08,demand_1293_h09,demand_1293_h10,demand_1293_h11,demand_1293_h12,demand_1293_h13,demand_1293_h14,demand_1293_h15,demand_1293_h16,demand_1293_h17,demand_1293_h18,demand_1293_h19,demand_1293_h20,demand_1293_h21,demand_1293_h22,demand_1293_h23,price_1001_mean,price_1001_max,price_1001_min,price_1001_std,price_1001_h00,price_1001_h01,price_1001_h02,price_1001_h03,price_1001_h04,price_1001_h05,price_1001_h06,price_1001_h07,price_1001_h08,price_1001_h09,price_1001_h10,price_1001_h11,price_1001_h12,price_1001_h13,price_1001_h14,price_1001_h15,price_1001_h16,price_1001_h17,price_1001_h18,price_1001_h19,price_1001_h20,price_1001_h21,price_1001_h22,price_1001_h23,generation_1_mean,generation_1_max,generation_1_min,generation_1_std,generation_1_h00,generation_1_h01,generation_1_h02,generation_1_h03,generation_1_h04,generation_1_h05,generation_1_h06,generation_1_h07,generation_1_h08,generation_1_h09,generation_1_h10,generation_1_h11,generation_1_h12,generation_1_h13,generation_1_h14,generation_1_h15,generation_1_h16,generation_1_h17,generation_1_h18,generation_1_h19,generation_1_h20,generation_1_h21,generation_1_h22,generation_1_h23,generation_4_mean,generation_4_max,generation_4_min,generation_4_std,generation_4_h00,generation_4_h01,generation_4_h02,generation_4_h03,generation_4_h04,generation_4_h05,generation_4_h06,generation_4_h07,generation_4_h08,generation_4_h09,generation_4_h10,generation_4_h11,generation_4_h12,generation_4_h13,generation_4_h14,generation_4_h15,generation_4_h16,generation_4_h17,generation_4_h18,generation_4_h19,generation_4_h20,generation_4_h21,generation_4_h22,generation_4_h23,generation_9_mean,generation_9_max,generation_9_min,generation_9_std,generation_9_h00,generation_9_h01,generation_9_h02,generation_9_h03,generation_9_h04,generation_9_h05,generation_9_h06,generation_9_h07,generation_9_h08,generation_9_h09,generation_9_h10,generation_9_h11,generation_9_h12,generation_9_h13,generation_9_h14,generation_9_h15,generation_9_h16,generation_9_h17,generation_9_h18,generation_9_h19,generation_9_h20,generation_9_h21,generation_9_h22,generation_9_h23,generation_12_mean,generation_12_max,generation_12_min,generation_12_std,generation_12_h00,generation_12_h01,generation_12_h02,generation_12_h03,generation_12_h04,generation_12_h05,generation_12_h06,generation_12_h07,generation_12_h08,generation_12_h09,generation_12_h10,generation_12_h11,generation_12_h12,generation_12_h13,generation_12_h14,generation_12_h15,generation_12_h16,generation_12_h17,generation_12_h18,generation_12_h19,generation_12_h20,generation_12_h21,generation_12_h22,generation_12_h23,total_demand,demand_variability,avg_price,price_variability,total_generation,renewable_ratio,nuclear_ratio
2025-09-29,2025,9,29,0,0,3,272,40,24352.419711729104,29956.147532377538,18413.534938983223,3016.0446836591746,21444.92411787937,22258.259789552685,18413.534938983223,21440.57826091651,20379.962325442557,20582.566890217164,26401.020329464543,25495.072705460887,26250.676588157414,27726.93826803269,29956.147532377538,26235.126684677085,28274.51002101098,26403.29622874643,27369.313415994984,27946.99433618282,26328.295785510894,21883.51643859449,23683.997479848593,23795.07415945843,24266.659366286156,22082.781167189696,24587.64886193734,21251.177389576114,156.0992302123036,340.1821361567198,57.00216646698061,80.52263183843868,80.20244495048127,89.05004537028833,57.74466691965357,64.63309673683958,57.00216646698061,58.58414829546063,76.53853412885287,122.9259335653064,151.05201475653126,171.92507361959915,198.26180898928962,195.8910344666648,163.61396733398664,151.58318703945494,133.23214224993632,147.82441454926632,140.09094572734503,175.65460017649514,277.6505220684657,338.3722187066774,340.1821361567198,229.60357497608973,192.07796660526876,132.68488123963277,2668.7595658278947,3854.9802762782883,1299.2926428653177,707.739581048407,1723.9918578979164,3854.9802762782883,2368.661374359091,2838.2599071355567,2567.7964975077857,3256.126682859181,1745.402539118599,3612.566212330437,3690.232402660849,3528.07514478019,2043.5953271659246,3427.716404799883,2337.002636598551,1299.2926428653177,2414.889799272286,1661.8969723045373,2265.49677687444,2893.480531672923,2743.3788368743176,2750.6031476186427,2787.610863262219,2982.0845272931933,3280.55050671509,1976.5377116242494,4490.1972466296465,4725.765583502057,4092.638204975037,191.59626004979066,4606.217505454288,4398.149318498707,4353.084212005522,4647.0193294331075,4695.886322477855,4513.103300276155,4136.268426952221,4151.589793837258,4494.759693214467,4725.765583502057,4557.82906679112,4276.492804847927,4553.947662978327,4548.717564146029,4567.4681265117015,4487.642543286169,4342.005415291684,4618.220142151712,4714.380424278998,4676.637900471232,4297.973100733468,4606.175238558449,4092.638204975037,4702.762238438021,3227.787253701241,7075.323785208625,247.89163030307265,1732.1935071484488,2921.7782357343763,2926.4753369710506,3093.016547765282,4593.72867334965,1160.1815808108947,5425.512033139452,3947.2860428615654,4221.233607897341,3198.5479065492395,5511.793971189071,3235.1063222896723,3825.3901747885666,3133.515425111367,1817.792430186211,442.9498064294811,3915.3316320570034,1419.967058777405,2124.440109469559,3909.1060149981045,7075.323785208625,247.89163030307265,3329.516929506212,568.3367163053962,5422.672117131181,6002.827987747984,13413.77212542919,0.0,4282.332163383172,13413.77212542919,8159.51413153508,0.0,10929.691363543987,4218.978751392062,0.0,2610.7900322068904,9718.352801333393,5063.878711545323,6715.749508180478,2828.7732440647746,12996.614131618115,3406.7142796495764,4147.479401985514,3608.6214034805207,69.36980775562758,8478.824420301675,7289.305411973265,7466.640639134192,0.0,2737.5948997689475,6737.785329471379,10509.335065814475,12960.086245767141,24352.419711729104,0.12384989743776986,156.0992302123036,0.51584259402768,16389.572053906766,0.366258982724146,0.2739667168771086
2025-09-30,2025,9,30,1,0,3,273,40,23657.087891194533,29511.698023349116,17463.213712621586,3231.5145841065337,21899.883440929032,20396.578332877998,23056.586091071913,17463.213712621586,17745.538130600427,20098.190580629867,19628.741062527886,25988.43913269775,24903.97543762668,28456.440702697866,28085.283113300742,25962.69196909236,29511.698023349116,25630.63863297435,24527.76517196896,27808.977894821022,24164.478164419546,23564.339871110216,22672.684382825697,25881.14812758243,22849.12941259898,23366.827892913,21453.190290723145,22653.669816708203,145.2645044233932,320.07189951801683,53.108859046568696,71.45115913689862,90.63233835577657,92.20557704372989,53.108859046568696,65.45479770131323,72.1549513944824,75.25414901709883,68.94721339371192,104.19036520766673,180.2595004391511,140.03011652979714,159.0137478237271,151.14455233290315,142.3073963416607,167.92778173039432,127.81264088528131,122.60685040603578,143.027782265876,116.058470497616,248.0913855676918,320.07189951801683,300.9324533322494,243.17941757262295,163.44317915007096,138.49268060799383,2499.726884050071,3794.1839326860722,1020.9918313612887,752.360450445726,2177.1473400786745,3677.826142615565,1915.2492057294153,3614.67233983789,1020.9918313612887,2344.404927917661,3393.269936222903,3794.1839326860722,2884.67233480973,2521.3163337991473,1948.7604894088531,2356.550359656313,2047.75323135434,2073.9128892761514,2756.1329143629,3151.3594210655056,1253.6601453372648,1721.18758671913,1646.8267780234664,2756.8056416034633,2696.0718007366427,2314.0063958701708,3439.5854566213407,2487.097782107815,4517.554795369065,4900.8315116821805,3971.2047814601356,218.40513790050855,4581.952476104646,4390.5882946801785,4786.671081830175,4614.781949752776,4680.690339321567,4414.230482290293,4447.2761869439,3971.2047814601356,4601.296697215052,4299.940467876597,4484.201557304492,4399.277417892273,4793.666161463507,4347.62084756506,4832.37141553876,4440.52605332502,4766.891979860843,4245.947051857483,4623.489479658016,4300.233765289165,4403.73626642188,4900.8315116821805,4643.498757604612,4450.390065918943,3658.7583539571838,5883.158020515499,0.0,1458.9116159226126,3997.3604088272677,3886.3939259626013,909.3205033796297,2642.2497686894512,4523.198741382726,3143.829079149711,5356.486248491331,5352.4510114131135,5185.583870057641,3718.1317868572237,5161.337430764485,3367.9204444831203,4751.63233398459,1834.7353672633096,2362.1958484729716,3261.1935309087025,4739.106016605876,3851.125072935179,2367.0640231483376,3307.7685980486613,5883.158020515499,0.0,3526.515661187174,4681.442802443805,8041.13062377175,15833.791636916652,84.71134051803628,4004.55573540945,4751.740688842814,8192.03324771874,84.71134051803628,6955.098574238813,9739.751596591872,7086.563517319154,11038.21983662692,8313.000681668815,15642.604700023569,301.25304883283826,5628.331909208152,9029.447011056249,6266.226023854913,11414.326147775168,7762.876940478718,6449.892171668308,4690.723716256322,7895.86253197556,15833.791636916652,6633.1444526260075,9250.239095658482,14820.577909292375,4664.507532455997,10542.210658917524,23657.087891194533,0.13659815607775394,145.2645044233932,0.49186936217153565,18717.170657148068,0.42961250773769327,0.24135885055062076
2025-10-01,2025,10,1,2,0,4,274,40,23386.236924377805,29016.276355368245,18626.708897145196,3216.0239359725238,19033.318978963238,20370.812381033742,19363.17439061966,18626.708897145196,19336.239703007926,19701.112759235133,18952.340602380515,23396.238083482953,24353.343344151006,22950.635037145963,28768.785217266945,26332.919440919584,27383.969516321784,28132.36622023872,25179.302261141773,29016.276355368245,22983.986834498704,25828.844281219976,23573.696773327294,23768.26163217619,24963.46332768926,23091.779481692385,22864.293170287587,23297.817495753497,153.42952849704704,324.58200393464097,55.25830597003213,72.17789267577255,97.85557033689406,96.98835127751673,65.71804571456607,62.071601182993255,55.25830597003213,76.73360290814946,80.2486807857074,122.55602869275026,177.53626376648398,157.77059019121432,172.21416665483923,169.99567092589527,171.32848878864243,154.73081319153957,132.11389519817286,135.02533007049504,122.27665349075463,135.05266680078086,273.39288350006836,287.86347073821787,324.58200393464097,244.9902922156253,191.3632070962991,174.64210049685016,2727.0050457828584,3747.1025823099867,1587.5551777204355,679.4438237090209,3317.991461324243,3647.80854131793,3192.090179296234,2646.4266749432372,3312.38185686478,2930.7520782986862,2062.1209014904684,3668.694853722322,2696.7591209516204,2088.5094936878445,2562.2503003396628,3466.5767749094603,1951.2437525134153,2027.5526704298431,2838.166864826264,3685.3456613015237,2178.49345176753,3108.40612604165,2527.3792353617614,1587.5551777204355,1829.9168607603292,3747.1025823099867,2553.264987998604,1821.3314906107662,4453.045804082922,4877.67626924977,4005.5362696106863,241.30099728527077,4358.286692048042,4452.284623027835,4710.480297140007,4693.585262880066,4709.23680688487,4180.552183059668,4577.181068247498,4638.909141721728,4597.118888285485,4387.75276387229,4471.822668879215,4063.4785473925544,4215.555306993037,4832.135052749335,4154.996986913677,4005.5362696106863,4877.67626924977,4476.923226293663,4458.019837077407,4543.132856896304,4144.037978274875,4264.427922195231,4435.163306366085,4624.805341930787,3959.595505348691,6429.998681924827,1704.5541177365762,1241.697480604169,4374.556191380989,3963.3630605100097,4504.670391058558,4913.067558970027,6429.998681924827,4682.466751435888,4394.266082006311,5349.491442441815,2827.734673023204,2114.902142742819,4431.344109824038,3259.946817430965,5032.071803094685,3552.854085614754,4363.948194401792,2500.801773454814,1704.5541177365762,2058.386750195318,4844.017043156964,4570.987312461338,3402.6428441006424,3887.6398061940417,5688.459336766816,2178.1211584414004,7133.085730393359,13741.425751639645,0.0,3631.652883866349,7149.008187875066,11052.658627298699,8759.401554812777,10474.733724849775,0.0,5048.467231235452,4852.547910949475,6302.693215969867,10331.930452575934,7880.419117263102,5891.638990378166,10139.891061599725,10888.690370655373,3412.657893791698,13741.425751639645,40.50926990907722,5122.364359666613,12697.599757724498,2948.2077073554137,5357.668831766012,9347.861042954644,7855.787135592536,7659.9182554355775,4237.977078141484,23386.236924377805,0.13751780358558421,153.42952849704704,0.4704302580005759,18272.73208560783,0.3903677729731285,0.24369895991581242
2025-10-02,2025,10,2,3,0,4,275,40,23271.62019800936,29411.643495833152,17667.592633081134,3557.398170745671,20069.08651348186,18781.585024395157,18439.255287036718,17667.592633081134,17967.18053810876,20277.764907540797,19082.66248109382,23640.130842477163,26949.939631319005,26880.596868410383,27897.59540423072,27651.337429975305,29411.643495833152,26043.916283658535,27433.957393316225,25295.49946096194,23651.076586332674,23190.17055294117,23301.096606717503,21756.161372598563,25809.468583170292,21823.573675966658,21070.303732103683,24427.28944747335,148.91571522255754,324.5061906244695,55.788704644386115,69.0678157398059,95.95261371508998,86.1748864052498,55.788704644386115,65.83837421840846,72.21165057452386,58.171150032102,66.82562943624451,135.79485556144797,209.1466912257669,147.98182300201802,203.24441457722799,188.30010896007576,134.99284047614412,179.832960424803,120.30454930536911,106.28975377151474,132.6406966760776,151.18171425995067,251.8598511313495,244.02597040921196,324.5061906244695,201.40236350921123,171.86189548199727,169.6474769187411,2673.772712121708,3923.1064935516715,1829.8233498544885,517.7946555067027,2260.4220311778263,1998.9312583224519,3100.3551235688255,2412.121729382494,1829.8233498544885,2343.2136528878195,2416.9558571490948,2724.485974527572,1962.184746420615,2921.8755504600413,2446.670644969642,2554.5851250065916,3324.221533237265,3221.977037296426,3193.7897494953986,2516.297915930684,2778.191726294627,2572.755943667055,2997.524525140681,3189.506051505603,3923.1064935516715,3138.2230361258835,2364.8049619358403,1978.5210730123936,4522.094569806111,5063.408168680885,4081.769230536913,211.16807583303776,4481.981040873904,4266.757626570288,4737.903333136642,4485.187115796894,4450.892248517475,4587.23424688405,4827.127240861045,4447.198136045273,4773.332903380148,4201.836707378784,4081.769230536913,5063.408168680885,4704.585484072646,4419.398931416237,4657.928239221695,4308.399656800199,4469.102509934911,4394.378162944116,4573.959432745882,4525.931353874905,4487.1852013080415,4560.5117504786485,4606.019582455088,4418.241371432019,3241.9216629804737,6732.010439180632,131.65116018730475,1773.107166685351,131.65116018730475,3732.9957650361775,3090.4595492287226,5754.342307369541,1736.6268179996034,2262.6605549637775,2277.8043936430017,4269.361738867812,509.9635365396034,4498.232753946904,6376.902236450966,5764.3405892694955,2768.2125615720993,2636.899901755779,2031.9381616842036,2352.2889563930908,3801.270370414753,1107.034282018833,3279.2764650651798,1406.8017054671973,6732.010439180632,2751.0619457415332,4331.431991187809,4202.551727547343,8336.72780746826,17636.442548183702,2738.4026900800864,4128.479502785859,6936.175649363985,11456.71060511915,6504.918827909544,17636.442548183702,3196.9431612795565,2738.4026900800864,9166.507252945368,12780.111689396628,3922.238169311149,17531.858588399034,13483.06519587445,8906.286511077631,3511.7046879714985,8200.383101781432,4412.332938443573,9327.436266962604,10011.238862674749,10552.11302279556,8437.1581628707,4696.502885935776,4737.192920136272,7967.602315345155,5563.094601058701,8405.046724321945,23271.62019800936,0.15286422434180016,148.91571522255754,0.4638047477835543,18774.516752376556,0.4440448677014796,0.24086343363451343
2025-10-03,2025,10,3,4,0,4,276,40,23857.449852545775,30719.30756650485,19357.232737898208,3318.9268018795906,21974.464151996883,20568.148262750616,19593.182719828164,19357.232737898208,19488.19849992188,20067.44715034592,21851.27215123531,24980.3324703408,26883.78078426484,29046.03737759694,29721.120666464518,25720.630678157475,30719.30756650485,26133.36464405942,28082.30302388515,25529.97431634376,22601.700569707955,23441.120675968545,24657.233948085523,21512.47486714007,23598.693553891117,22049.311557040724,22670.85523294313,22330.608854726805,157.0092246657686,361.69540570149167,63.33117145735958,74.1660033022654,85.01932048182053,107.06930656949508,76.87514699968169,63.825878626533544,63.33117145735958,70.51500568734292,74.85977440010991,112.43455702595584,185.97946096921592,167.2240514636904,205.94973806958376,152.34421088106805,197.9677854960282,155.82984416639377,143.8142448926401,149.32957581722366,145.8035630870199,141.93148266882977,223.13715801000293,295.8214566601217,361.69540570149167,222.01060729076153,214.57496783043138,150.87767772564507,2956.8604561630746,3955.7202189210298,1802.044559728033,691.7050248675203,3848.398927018479,2126.1219175656506,3935.010623063902,3801.721767308314,2710.8342230855596,1802.044559728033,2109.2179578401074,2619.508718184153,2974.3505984527173,2080.815615921464,3808.6096817798007,2700.712483420094,3301.4135715219536,3955.7202189210298,2064.1915722409876,2441.006019348469,2999.56288613877,3753.4924882720898,3340.816890502693,3561.5713475055645,2865.7441276576833,2583.044969177005,3305.754902521587,2274.984880737687,4533.391293883771,5118.614318838653,4168.813205547133,261.8498695887182,4228.2328592552085,4737.174249308938,4196.331524836254,4530.292371245147,5118.614318838653,4321.523446327426,4219.922343240913,4684.358853294574,4686.008752580982,4703.955757400768,4446.335494293775,4500.383387222176,5116.191912327903,4452.238821820043,4217.272517520061,4804.917247955297,4168.813205547133,4534.939920942499,4534.84724886127,4485.175037527458,4326.163311769447,4634.657824462426,4422.914037124474,4730.126609507671,3995.9699224039264,5949.885243936773,708.6951799072115,1303.4451192919637,3174.767373734428,3444.6370661613496,3874.473909546033,3891.63287189113,5834.542335781653,5949.885243936773,2011.781252117704,4982.930556917491,2516.9383165742206,5754.0513269595585,3263.1955380654067,4194.535679068596,4117.672831867385,4587.876194000156,4519.363743696308,4343.366791913995,5429.461208806714,5154.083314431511,2803.5452828712187,3492.224701593644,2452.70421155197,4919.892120300463,708.6951799072115,4481.021085999314,7274.434605974612,14598.378171779786,0.0,4459.817268868651,11254.681393667013,9654.421653791509,10106.37076683095,0.0,7631.678955039805,11521.419785024438,4783.369593549334,12718.188923197094,13460.829773122532,0.0,3608.4245774028177,1837.0730877177073,6826.119813446878,0.0,5641.968532409953,7813.848564744396,6774.219427228782,5098.111164054051,8205.862136232667,11260.432139972812,11210.147769766976,9290.97282108323,1289.9114933279684,14598.378171779786,23857.449852545775,0.13911490215394648,157.0092246657686,0.4723671711655499,18760.656278425384,0.3877494741130223,0.24164353456531995
2025-10-04,2025,10,4,5,1,4,277,40,19686.89332493886,25847.737987373093,15920.412901502532,3010.05325253178,17351.66404045498,16886.286514404906,15920.412901502532,15935.749427263056,17525.346385436693,16211.817920013951,18592.187863565196,22194.439921582984,22288.42710375161,23709.750662918465,24419.79110542492,22023.687869530346,21880.385648697997,25847.737987373093,22666.783551897286,23450.749359165344,19206.59400869701,17672.573302440618,19924.133824013843,17722.986626256887,17907.49328214532,18540.046140079496,18285.015361527538,16321.37899038861,140.08851566352214,313.0841088242653,53.52908491315114,69.19044600841018,98.89672506788997,83.75002044599671,57.01701825169542,53.52908491315114,63.32118188391408,61.0314227995349,63.35607474112891,105.48343790736158,166.22249290335606,153.34365172165894,170.47995823550218,156.81943073167426,142.75899711391455,141.58274901347903,121.38422622511796,115.7772370348967,138.64418148783983,122.51934555232948,229.4125313418655,313.0841088242653,292.96012444212056,205.08577970906396,187.95200397133655,117.71259160543775,2446.5729201160616,4136.853455902613,1155.5201440616092,770.5310091576238,2473.832321286071,2840.5601442372968,1639.9445914546336,3701.9546237350974,1701.5700735622795,1494.6597040178608,3492.8147403038074,2037.3135984443925,2572.3399549418014,2998.8789246801234,2392.9367352252307,2593.018395255545,1155.5201440616092,2538.137534529167,2439.6555613230908,2031.5503556578349,3542.4768760476036,1208.183955392522,2960.910784942723,2461.379865873003,1841.98754549882,2375.1159431879473,2086.1542532244066,4136.853455902613,4466.127489018648,4978.929876674312,4019.6066611449664,249.2682030790049,4673.222033979002,4371.260771410002,4523.221721058306,4182.629304192249,4566.79107994269,4622.308349759672,4321.840055494978,4579.085306724913,4019.6066611449664,4588.451440731422,4299.292789439199,4091.787396096472,4596.291815809073,4592.095309598281,4793.096348687045,4516.797417232806,4201.433373152988,4534.489945021598,4280.211259177223,4978.929876674312,4426.150234758849,4104.4321004445255,4417.276824125257,4906.358321791738,4029.8844317934877,7449.420003485509,633.3633587104428,1689.5435030554165,7449.420003485509,4938.272344328036,1898.0568518298846,3822.249788688886,4529.710073559282,3691.452019757963,3130.981368470414,2862.247520316641,7442.8192745828665,5411.259809937135,3321.052313683182,4345.689753550169,2099.3505891480245,6299.450586442848,633.3633587104428,2707.1950767563467,3807.2344603515435,4831.355023392391,3929.205267631524,4404.765372715084,3160.573855713404,4907.937449159939,1695.4990206001785,5398.08518023202,7020.487793495438,19785.89372155617,0.0,5433.715041864914,7406.9368366019235,19785.89372155617,1851.1120395901423,1699.0591058285693,5597.915203112862,12553.466353856267,5750.3454728325005,1885.043010410954,3047.251728197054,6799.29612665772,17671.759367360162,6993.274907535487,11935.055458841587,0.0,7754.436399643622,11408.107129475775,10206.587036980316,9699.679184219573,3890.331382058356,1676.8709579415072,0.0,429.5944343224429,12328.656272943226,8121.034913924296,19686.89332493886,0.152896305315919,140.08851566352214,0.493905197586634,17963.072634423635,0.3908288930503842,0.24862825975885436
2025-10-05,2025,10,5,6,1,4,278,40,19351.59839290982,23779.502346179404,15526.921927867394,2365.047759473697,18744.58448031833,16487.508360491913,16818.99068021257,15526.921927867394,16517.62331460279,15807.814892122584,18724.759659596293,20773.29634368471,20261.989630517382,21506.403171246788,20983.771456233906,23543.04330764785,21752.64419903683,21889.655934096812,21766.94426199093,23779.502346179404,20197.747304882138,16635.786758663395,18167.03113915245,17860.34638355666,18549.86501132997,19537.203183113797,18928.42845198953,19676.49923130124,137.5229264965462,324.563839559288,53.46564608949849,70.9479205774914,82.17058219152749,85.40103626667295,66.6115971267304,59.7137719250531,57.369332551312255,53.46564608949849,60.58543377320111,99.42984453593486,157.24909431873877,132.816443317671,153.8615503422052,130.10389590879194,149.23988190213765,163.7923541154702,122.28209268213752,118.6384234088555,128.60590611142496,119.2437141468259,260.63579643856895,269.46744866408375,324.563839559288,219.3302953772597,167.30965088753553,118.66260427618361,2865.8783611668405,4201.2287481085905,1639.2166955718674,738.1570914263067,2379.9913871469216,2144.456156144915,2233.550319613144,1639.2166955718674,2669.4841821948503,2974.683147995651,3790.468859135473,4106.719335927482,2234.92571781067,3307.8471919180415,2048.6866858703643,3550.6061994689576,2146.1480746619177,2765.413577407973,3135.98637726399,2479.2453621168806,2905.557798131582,2559.3409013408154,3030.364147332684,1856.502178374508,2887.5690717682764,3772.371366591667,3960.71718610696,4201.2287481085905,4510.282403544071,4947.220746573962,4142.552289966439,226.63418230728576,4947.220746573962,4208.0433082411455,4387.991037130235,4838.913405673934,4825.875664112851,4401.13224249627,4604.559130385649,4306.310884059926,4456.434815754381,4311.322844285366,4806.942651558952,4475.826559488874,4735.202567692169,4142.552289966439,4333.291742458481,4307.252355460684,4477.861393349508,4294.390404956703,4385.142427631908,4770.601671077641,4693.89668265964,4471.430550512193,4363.755811710964,4700.82649781984,3367.6002179094544,5711.877002936384,0.0,1444.5187709149334,4068.1767130432336,3169.77808325254,5711.877002936384,2573.800553822558,4914.629845242022,2800.520350722042,2701.2339419168957,4679.848282292905,3731.318349562539,0.0,5055.905080613973,4835.971246165931,1031.7489857845762,3261.8614693791055,5618.5719663560085,4935.202907257658,2782.3122063562137,1145.1847074708935,2879.6632150542555,2636.0211980792205,2770.334250196705,2649.019563107879,3280.1769543493224,3589.24835686405,7146.545173369457,17551.803143259294,242.09849700690177,4053.3667993156964,9060.865482969855,7026.240566630309,17551.803143259294,242.09849700690177,4056.962758317556,9339.091539853762,9639.342909304965,7984.923779527166,1399.6832618476878,6367.908869169438,2820.263461830874,5887.02675385931,8257.028662662415,6522.916216433684,15169.482275046083,7401.46678962217,7572.317494402544,5625.644332113115,7042.230323056971,10733.582218038906,8450.470893253727,3432.968815028847,9246.324673458312,686.4404441731028,19351.59839290982,0.12221459496287505,137.5229264965462,0.5158988569027667,17890.306155989823,0.39946466600722397,0.25210761426986483
2025-10-06,2025,10,6,0,0,4,279,41,24380.65387375608,30880.12824024319,19459.211174226362,3104.045690357113,20336.031280412433,21646.880317828618,21202.116321747868,19707.69333321058,19459.211174226362,21241.80322221996,21978.03509514622,27039.030851253094,27848.15087216229,27184.150172923182,28982.579455469855,30880.12824024319,26272.429082266935,26136.339833195463,27269.628319847165,27655.708447484954,24704.025992039074,21703.52744053315,23911.691678101462,24084.408268910156,24323.197695135164,24336.015712369965,24368.998378964232,22863.911784454707,150.51093249374048,327.43891542303595,47.92793276447489,73.26448009482186,90.85801764055059,91.11541633602847,47.92793276447489,64.56894490232392,58.73582311880392,69.02199195724641,60.7836156294049,106.90861442420713,171.51636759761575,160.35838229026754,173.48740085065134,141.2083258544747,178.09720368780393,166.5207962017541,138.87726634209972,149.14566202561397,145.82855261274773,158.51274779221527,327.43891542303595,294.77522476813795,273.0620376491839,204.70612105004153,180.9638644169592,157.8431545141291,2405.341981100344,4005.932657722488,652.733866816902,980.6696451490815,3817.3819024446234,2633.781956412204,3877.3484321206492,2921.936353489128,1224.4513367953032,1185.0800810143132,2512.905491100164,1375.372908445622,1105.117596570965,1882.7998987075512,3925.878527017181,3148.0037487333097,652.733866816902,2619.635961307776,1229.6693890680046,2406.8888656397407,4005.932657722488,3472.4914591315674,1863.7373917241123,1908.700660829048,2450.442456986239,2518.878535932939,2288.070331036983,2700.967737361452,4414.288795538401,4790.476867495556,4108.165078200486,162.4389579569065,4350.835975349333,4363.061602497692,4532.154406213041,4379.068899742533,4330.305430498579,4234.163765545501,4276.735367268893,4187.193189200268,4790.476867495556,4451.950595367657,4535.2681197870015,4394.8542703619805,4238.111872788247,4630.73806985267,4579.617696458638,4514.976768691834,4484.362468472616,4423.092835918998,4198.451107015381,4543.904343994132,4108.165078200486,4555.914945289383,4518.756804966536,4320.770611944674,3891.803313025853,5863.675172716104,1170.915308769151,1282.5314952299384,3966.0192777420725,2575.5738113232196,5320.336208010484,5512.834554739531,4153.651454173814,4303.781130084741,5863.675172716104,5215.682720743205,3942.7492324566783,3858.3118913876788,2346.9196176847877,4963.302504821298,3868.7409872231547,2498.935811476144,2613.01238817792,2999.7496773903786,4291.339832724808,5458.6707948722715,2261.414519930922,3597.348203415427,1170.915308769151,2716.5923856577324,4162.8054826851,5740.916544413854,7436.867871332448,14514.453653309867,0.0,4171.515300428509,7207.374944159521,3070.5685805825087,1459.3230844752077,0.0,7085.000643328243,5732.512344402122,6490.321150187452,8054.757090111692,5922.051154902321,10397.878334369918,8232.795111388541,0.0,13164.045607113489,14514.453653309867,8283.280187700733,11547.139689886983,7332.203893747884,6453.204264661622,6435.088159779569,4331.666039500557,12487.336444406332,12006.128789057282,3920.4106240661367,14357.289120840784,24380.65387375608,0.12731593280598524,150.51093249374048,0.4867718170430498,18148.301960997047,0.4097831239151299,0.24323425987870687
2025-10-07,2025,10,7,1,0,4,280,41,23185.614765858412,28336.238028786083,17831.909627926176,2912.067493576817,21017.059966511446,18804.77163356629,18946.535783314823,17831.909627926176,18460.833122683463,19812.193632214,22773.401353574707,23341.38435378388,24984.543381493917,23642.10330463026,26001.674768626115,25830.71777644509,25543.41701460497,27911.384649679654,28336.238028786083,26049.160048843518,25090.785689640157,23320.094087734215,22019.877024721685,23300.26004917742,22401.7897942308,22656.71023861434,25110.769498959933,23267.13955083902,155.4484928580687,337.24877609867855,62.46782667959732,73.66279775234896,111.90501408020698,92.41794374988638,77.50452228964826,67.98398181981902,71.32608799720052,68.11873780145997,62.46782667959732,111.96398072357702,189.0574366140655,183.48733477892867,232.86330334738196,175.9799195949493,161.16572378806518,141.96154295298052,139.28799451744925,115.25630549432641,119.92210477336195,155.24274255237492,264.15161627790076,337.24877609867855,297.0404101376989,198.37843658819224,193.95360888160488,162.07847705429492,2576.688084838702,4124.962665510016,1578.7245489106297,566.0959638421373,2775.198947115459,2092.4855532948663,2765.8348970452366,2227.1953574971676,2080.760400366249,2829.486769441187,4124.962665510016,2683.486733084408,2215.4804740469754,2195.082714906942,2946.3129763216757,2711.174961118354,1902.9564291050442,3269.1341984879464,3034.4630966496998,2212.547906329832,2986.373820044862,2386.200587081411,3039.212468377077,2739.8619760807715,2468.5763337587114,1578.7245489106297,2956.297088462388,1618.7031330919403,4418.656327057542,4821.396474342135,3983.1612537235146,216.15404806547613,4335.725874707414,4821.396474342135,4422.825926193923,4182.903169061721,4172.470292617694,4243.929042790228,4105.076200399139,4410.632126373854,4685.037952332421,4578.483658644008,4229.695456068308,4472.951378424997,4796.938010536648,4542.094517240894,4469.407667000667,4684.8473341171675,4377.0274552974715,4552.775639154311,4601.1566832599465,3983.1612537235146,4242.373467217667,4419.176953188097,4438.106367053017,4279.55894963576,3612.667888224234,7234.753666805917,1129.5292657963575,1567.7626277235913,1366.149954063052,2942.4128007934014,2835.3901818072713,4915.167303754225,3967.2742113345494,2787.993938039292,7234.753666805917,5633.121390844462,1895.40520758796,3670.060717070735,2489.7506226757273,2860.8247711905033,6790.477606611078,3425.235099414962,2821.853501478978,5056.30855839833,1129.5292657963575,4669.928264858116,1767.050820605911,3689.187196017717,4623.388073698346,3860.786243179771,2475.7522803169268,3796.2276410380296,7038.766148496794,13185.32641562856,0.0,3808.2488728217163,12539.45582494727,7463.541191393981,13185.32641562856,0.0,3708.95443474743,1605.2876091847972,5098.299247772468,7092.634801612703,9872.204595765324,12283.086480564083,7593.913987011196,11354.510577295705,7231.303873985306,706.1052296764522,8187.609114674189,11393.558955942317,7113.772735622625,7397.558607062816,5062.425542276154,1646.8095481102127,9599.662060566416,3491.211212440814,8979.291273956802,6323.8642436854325,23185.614765858412,0.12559802804387715,155.4484928580687,0.473872704701012,17646.77844861727,0.3988697522888843,0.25039450344568526
2025-10-08,2025,10,8,2,0,4,281,41,23314.603063168895,31682.779035052812,18878.937314809245,3227.1304210718426,20604.24008302644,19140.114709802496,19374.72546332149,19424.916325353675,19279.740145237844,18878.937314809245,22324.15483956708,24683.516824274648,24160.908670024146,23975.636397935956,29101.264992502754,25479.63017960649,25239.85981260626,31682.779035052812,27070.083201808982,26703.845636903818,23000.03990962657,22844.48419534435,22453.158603410873,22374.79767697933,23300.9123900158,23865.53833683479,21218.38427074765,23368.804501259983,159.50341001084232,378.36900607942425,54.48647456851699,84.39854491000123,97.81033515961997,91.13301630377165,54.48647456851699,56.023688796696916,75.2735286649752,67.697445313387,68.72448995456033,111.91965195392646,173.4548502382619,156.06716234097073,228.78629582415982,202.32446581659238,177.79348181556398,147.92034905944092,115.11065505738978,133.4533857764922,174.86456598504802,146.79882399688768,270.3233171723936,339.6268043499864,378.36900607942425,226.26415568017026,171.16824587178795,162.68764448019158,2814.57366098674,3659.879291878745,1173.2762320739682,625.507863442704,2405.424541932863,2869.5764122700907,1173.2762320739682,1912.9069406019296,2391.5941605744097,2697.7509442288238,2373.995391960519,3041.4445718721963,3412.518097966218,2043.7622234264163,2801.3140938518613,3659.879291878745,3358.169553183888,2945.983313774341,3142.260202392688,3397.1687025091524,3607.5081102055424,2026.44226212538,2781.8421322208783,2598.6071435668764,3232.6557523866345,3553.1140179205,2662.5321336157767,3460.041637142061,4498.398381093977,4777.728617442035,4066.5321322575587,212.81190321306005,4648.3910762209825,4681.340588246151,4506.9972253206515,4066.5321322575587,4702.624206813936,4667.646686952299,4482.9141508029115,4066.9536729344454,4777.728617442035,4772.7181087597155,4537.592221802755,4263.312320159458,4434.269946210453,4605.28400101334,4695.2194287493385,4617.843377421533,4555.203305203765,4363.271541582367,4410.121887219527,4248.896689741441,4187.978012088488,4738.715335228122,4554.067828009323,4375.938786074849,3489.1083914902797,6592.683881263793,1463.012053406471,1424.3776117832892,3658.4135137922785,3015.7081163977373,4459.32280919162,4218.974648094288,5995.119035903423,2084.10541981186,4993.601485184242,5085.03585241552,2549.4187689318765,2803.8918963132037,4477.999198793918,6592.683881263793,5459.691184020535,2346.7926201694186,2491.036458293659,2161.313177249977,3762.470942016734,2954.6116115276254,2668.684185403978,2634.8929804237487,1678.7527735659487,1463.012053406471,1973.385136316056,4209.6836472787945,6895.361974683211,14388.990494832547,0.0,4332.736980169781,10688.808072267077,3438.4140835529706,4795.316507419825,14388.990494832547,0.0,1823.143152215849,12202.314317999342,10333.840656444434,6172.412650376122,11012.386723087728,6685.021792096222,7855.327412510114,12740.192841610658,4220.748774704884,6565.465464891864,7804.4869102592775,1660.9326588530205,5746.697081853278,7351.160982102144,10960.892023040702,0.0,13140.427688332338,4925.055935568399,976.6511683782468,23314.603063168895,0.13841670013974558,159.50341001084232,0.5291331696561484,17697.442408254206,0.3896247726432588,0.2541835298752487
2025-10-09,2025,10,9,3,0,4,282,41,22810.36397947864,27917.495878819915,17920.986455267146,3101.5008746021513,18847.90518635652,21263.95120747125,17920.986455267146,19741.926589318933,18725.61465814121,18062.932475476293,20951.81138167558,24172.895805988526,26068.669741630703,25346.338037819463,25092.22698624151,27917.495878819915,27353.167175820046,25034.365280192094,27683.41495558386,25308.720590081044,25386.029865311473,21114.87467699111,21974.070274071655,20735.1465338786,20791.344018186344,21966.032498535376,23998.271481477186,21990.54375315156,157.5985979994505,333.0988591019491,48.72229711953811,81.88712663337645,96.00615485359809,104.02288032572167,55.084455918974164,48.72229711953811,64.8380273675914,59.30728255857285,72.18538332740877,107.07812261460127,151.60499129404624,177.29892813745775,194.60251548227507,165.78526582498864,162.1810116724185,196.96709434216552,180.53242792675638,135.71271292125186,121.08007408660049,134.1964283902046,306.9622008064592,333.0988591019491,297.96446892268216,290.4899507988561,174.05636780163226,152.58845039106208,2716.25261328485,4565.2218461747,1450.272658571998,793.4229615450415,3515.883623793958,2087.2797508056533,2936.8815439689415,3962.694715389526,2414.019653891514,2293.41774434452,2756.79967513699,2866.3440733944703,4047.33032999423,4565.2218461747,2353.2519072410773,1506.1483271477823,2155.8923175943423,2738.893814651147,2136.446258646746,3812.2690151918314,1450.272658571998,2159.3012893497526,2769.201964052701,2178.7111104981664,2970.9122258867496,1969.3740060407283,2577.6869154270157,2965.82795164186,4527.9091138202,5134.835619037641,4047.020974048011,290.8902634234552,4077.4651412106227,5113.5912354789,4790.22911982075,4270.526325838166,4283.754291140887,4593.786618301918,4403.381505139257,4662.977914017805,4609.41714550238,4508.061347384839,4456.2417425501835,4636.214651777556,4996.480963539933,4591.262460224638,4047.020974048011,4563.38945228902,4229.482357880271,4448.351990601839,4606.088099551776,4306.105755554092,4757.282636669354,4244.572855755246,5134.835619037641,4339.298528369721,3626.399223433826,7020.159313790796,914.2810841432163,1597.7658516360236,2699.331574683618,2584.436224449551,1948.1781578243956,4542.205759257452,5137.743425610615,3011.9435052948074,914.2810841432163,2977.891519726654,5960.6970517085065,2262.5395962013877,4559.312542345344,3021.5729103100666,7020.159313790796,5556.482127478364,2835.46992121487,5960.677695745759,2851.5891762306514,2640.898826622779,1977.2858046720705,2021.0866137040834,3907.4370669783025,3407.896525706147,3228.5780601120086,6005.886878600382,8773.752949774529,17338.99626414632,0.0,3908.6337692937554,11762.816658079948,8883.354524288306,17338.99626414632,6603.726343726159,11829.83828238832,8964.463017982867,12259.232368431616,1261.067308993593,12417.15718321786,11421.642313990491,11836.74761628151,6230.315180739799,10012.886796523042,8721.373650682734,8185.678100084914,4765.358429447735,6888.91793531255,10843.086543464737,7165.197800328092,0.0,5080.072058958315,5020.241458288379,12509.252834120496,10568.648125110902,22810.36397947864,0.13596893400703378,157.5985979994505,0.5195929892324421,19644.313900313406,0.4466306634223836,0.23049464271429515
2025-10-10,2025,10,10,4,0,4,283,41,23694.407388558222,28516.679381090118,17342.761295882905,3559.6708490806736,19517.026148276014,19608.823744676924,19826.640209537847,18353.540501401443,17342.761295882905,19519.94440400928,20904.377271610258,26301.441900337926,27809.872732360425,27536.947338233964,25450.25876198051,26969.878515446773,28516.613694731313,28516.679381090118,28324.70178186942,27682.695505228705,23892.088380554174,23010.685628571584,23348.417715810345,21202.2615346188,23648.726441769846,22670.855289474475,25646.24707234016,23064.29207558424,153.00468641344048,322.5665186904546,53.16396034767157,74.4417435653534,103.49545420030256,65.78638204063961,66.02826714249122,53.16396034767157,65.30261255414028,60.29029509653919,81.24401230098204,115.92648028944646,198.91348350904372,169.2943026657949,194.59422827782333,153.28699372779792,151.56504763452477,138.92606220162673,118.19675717952451,145.87437283417933,146.37199756520255,166.03360003632193,200.64811510479072,316.48253626374816,322.5665186904546,254.67024673974205,201.55219807117285,181.8985494486109,2778.1074083070707,4472.496910649215,1653.402950640834,761.9459901283635,2848.261301085907,2156.2485318880513,2536.824476837915,2283.528877240214,3030.4851919572325,2251.420560830096,3062.206466872693,2196.5957642338917,1825.1156806043882,1653.402950640834,3278.6437010199197,2614.925929974208,4472.496910649215,2775.46823079068,4258.840758811258,3700.3843162238386,3052.290049708557,1728.8900896300486,2065.038137896615,2139.696012339854,3326.3265160416795,2487.5190300263102,3226.866641930787,3703.1016721355136,4430.270037130079,5049.594081837795,4026.1550049416496,243.5577667150356,4752.866692109052,4359.760742017804,4157.212017329548,4482.806876784948,4260.589195882925,4310.444472536957,4579.693706401793,4318.985160067381,4350.317570216881,4315.3093558256605,4026.604344561998,4026.1550049416496,4702.9063492095665,4484.522391847756,4655.840500925511,4305.9693814753555,4259.07555672363,4733.012100025556,4331.637156639542,4540.845930333759,4338.689594408822,5049.594081837795,4307.112978837093,4676.52973018091,3675.4938411814805,6129.708062987061,968.3314651948004,1385.2691682884251,5261.297917610222,3505.8194155436104,5706.359770896789,2502.073206692689,2863.140372898642,4599.802252613386,4649.147268630806,6129.708062987061,5175.758935469796,2178.1881645723815,968.3314651948004,1665.120277016044,5225.69300990552,3934.9333433724164,3105.56367549548,4886.26197969437,2365.8921375438927,4274.672029126646,4117.207998317292,3951.4325560853968,1846.4706349944154,3623.1669918439015,2399.0187553634523,3276.79196648653,6995.176957710391,14263.87159870221,0.0,3365.9838748760076,10160.333319237183,9031.037459056259,5542.269511575642,14263.87159870221,6497.060904340472,5546.629454336024,9733.081895293783,0.0,6426.608162098974,6639.721041044002,2515.975178587243,2474.772703111134,10494.441799885799,7997.609520886899,6605.096440273638,8390.47496606372,7310.307938200891,6541.546710366275,8567.449451728195,0.0,5772.191739283704,11590.532933444707,8380.573621474297,7402.660636058369,23694.407388558222,0.15023253338674344,153.00468641344048,0.4865324410011939,17879.048244329024,0.39124996264435724,0.24779115625102116
2025-10-11,2025,10,11,5,1,4,284,41,19457.481803383733,23819.47995294848,15247.1601435651,2653.5827917945926,17330.41121290766,15359.123755871658,15247.1601435651,15725.614868281165,16688.959070377998,15789.14123942448,17979.556275983345,21158.96571929182,21460.672087759092,21905.622419324325,20725.250778394104,22637.924603493746,22532.210295439574,23819.47995294848,23082.377654065014,23039.841444660986,19882.77848775953,17745.818588647253,19000.85989637075,18948.501072973337,19838.793226105565,17856.381671493025,19973.628583636997,19250.490232434546,144.30467414840393,314.47965316480526,48.90835750239353,72.07339270983205,85.86691811092602,89.01796133549064,56.02897977432294,50.986290509127485,48.90835750239353,59.951397776704695,56.01023895562863,101.45206456196085,171.58524069522034,159.22660646073533,203.93897826247584,147.15308059203738,158.34571449965995,125.25856210910295,133.61003362371176,149.73879936406743,129.31097799363843,171.14572469643602,255.42477508625626,314.47965316480526,283.0668551232984,197.5582977086852,176.61436611908732,138.63230553592177,2634.5803236194624,4064.205669946229,1039.2918201473128,743.0131300260706,2189.3113970342442,3381.5088280405594,2320.0193716866215,2234.1610412341333,2208.9380503879975,2484.8234414109884,2927.6763588451167,1039.2918201473128,2449.854910390981,2643.5345055575526,2390.9401529611514,3138.4895957399913,2230.408836605385,1688.545096703174,3803.1523312546747,2610.8202462523536,4060.360381705798,2629.276262128182,3581.9272604680727,2546.968070003274,4064.205669946229,2797.4944276910824,1913.105815117065,1895.1138955551498,4541.2582216569435,5051.583922969714,4167.165979267717,204.7422204386978,4552.899088031698,4715.006747212326,4406.832977258977,4455.58848487523,4334.760691243673,4666.059749500229,4476.472679173372,4741.414615478033,5013.559062438499,4532.636296136975,4623.546769482673,4412.691574368948,4492.313981865749,4658.592316530027,4167.165979267717,4429.876348110853,4596.352051012551,4338.5884326986825,4460.349598179979,4619.627294678095,4285.126768942682,5051.583922969714,4463.213608351296,4495.93828195867,3603.1269593493635,7049.339163093497,219.3250825338508,1641.132176424988,2476.96676956236,4402.42523673888,1329.392983095778,4040.784922703133,3680.775501918357,3297.1236140577307,2849.837999086513,4968.239019941801,3524.504397967972,2580.550720156337,3835.681612895734,219.3250825338508,2625.1595933367144,2889.379474128308,4279.1459414825495,7049.339163093497,6247.374205567829,2464.5475841021325,5095.276137530266,5658.45299692389,3755.5637759651127,1307.6210076106026,5610.2597853160105,2287.319498669354,6574.141420143754,15358.012746771286,799.3802239731361,4083.275052920972,8458.657632689514,5291.577394822163,9155.581380888467,799.3802239731361,7457.179793719296,10727.9120372015,2707.068574339439,8922.889934416002,832.5351534542162,5725.545575404878,5496.023088096066,3432.543800852846,4819.823545217205,10467.741296788503,4812.56991985719,11210.352715421524,15358.012746771286,1741.9705805274248,8731.802302634156,1302.98503370147,2015.9350159228104,12268.644317291226,11328.59127615658,4714.070743303163,19457.481803383733,0.13637853133354205,144.30467414840393,0.4994529327283693,17353.106924769523,0.37884520902478497,0.26169712670731204
2025-10-12,2025,10,12,6,1,4,285,41,19396.122688379783,24495.633811318967,14758.04446709357,2919.0202287247025,17791.617581660073,15474.056852115107,16307.460414402007,15603.385313977331,15924.208825523836,14758.04446709357,16568.783253968042,19986.674036001663,24219.93687220104,23691.107564967708,22332.610272968934,19734.408464261585,24495.633811318967,22888.138926609456,22417.809872329613,22520.273847309218,18386.783814595954,18548.853363321585,19408.4617220653,19330.01967689306,19210.192372211077,18287.10548908769,19500.126736532777,18121.250969699257,138.3842258059583,296.82140350357474,50.97386732889206,63.75291601819471,95.47659399256636,104.93320067804339,52.363894109508074,64.88280560104559,50.97386732889206,53.76227200929277,61.16418575435635,114.90001254696165,160.42507120866182,137.82026575151176,169.63429756870084,141.12478481798593,169.44849771400902,129.01493538487193,157.78334451230458,113.72668288914117,134.78465722891926,134.34034538699518,197.41874641610235,296.82140350357474,269.24131534277905,222.55443899210005,143.41963178946943,145.20616881520533,2675.8782881511947,4571.216957685127,1000.6196634167243,907.5085849712625,3146.4939015090013,3635.743869115481,2446.903737077698,2745.7772672809574,1371.7847493000415,2355.7107836970686,1899.3311173519926,3189.663417912617,4571.216957685127,2566.403975386176,2708.678007178625,3001.8609819017065,3751.821091240886,2558.5226046555003,3468.293671413944,1000.6196634167243,2356.6133357119243,1446.5282442772734,3880.7529382068988,1901.2706524188955,1608.0007771059586,2589.1673695991676,3936.863780650419,2083.0560215345918,4459.459768089942,4893.629676147178,4117.657485558525,204.5682471403669,4527.71708213733,4700.971247424476,4593.376592337419,4607.628607147268,4427.425145099485,4446.440556740983,4549.0541801542095,4203.294646303157,4477.890622643415,4546.041949753707,4514.251414101714,4760.323814371512,4622.3443143697095,4227.063232464306,4242.102275980285,4170.546845568658,4117.657485558525,4526.290910394498,4893.629676147178,4427.97993228575,4196.532661605636,4593.741037426603,4467.593612868088,4187.136591274703,4283.209323690808,7231.828339608868,827.3226806654935,1491.1047588865906,4678.067642038843,3957.4948231899334,3546.4142257036174,4349.22023988093,4954.20917477901,2795.7595243092296,5953.70357654554,4755.243497536793,4379.254457308084,3115.2431551380973,7231.828339608868,4398.017711247781,2927.726848758944,4179.693742598455,4195.061663750656,2952.05811557606,827.3226806654935,4525.78412759288,5513.38510081826,4513.016042780144,3133.3279630848892,6907.862076273498,6632.942622391588,2374.3864170018005,5591.7548940975,14693.581687880282,0.0,3767.523428369421,3899.6083288560067,9266.491847332563,1501.4311195304626,8060.296342316507,5052.023006416638,9237.178210434307,5421.995238543795,7022.774795718465,0.0,6656.18676087826,2881.0488054373536,14693.581687880282,8534.70051426919,5953.031064176811,3722.813409733318,4685.396152796423,0.0,6217.242245776786,0.0,0.0,5277.934856297946,8933.053169734807,6097.377165581658,11087.952736628442,19396.122688379783,0.1504950383961784,138.3842258059583,0.4606949646673512,17010.302274029444,0.3287275442856026,0.26216228825624355
2025-10-13,2025,10,13,0,0,4,286,42,24011.245482344395,30022.20286909233,17715.260750920126,3612.7081979564095,20702.57374899458,20554.045010930648,18657.743451382878,17715.260750920126,18022.40477048313,20792.791706766868,22111.71376388526,25571.628822010647,29544.01614485543,30022.20286909233,29473.11256564885,27565.24208332423,27529.105344561765,26803.651694752887,27618.80495152714,26163.142162145883,21680.427951008758,23942.742568765418,24669.38017085938,23875.846165007955,24181.441705082234,22700.156878849593,22594.872738621198,23777.58355678829,154.79519968374493,347.3532887752294,52.99628724290635,81.30859624110334,97.98808766721847,76.66252533156097,67.7658695873871,57.91311249815313,52.99628724290635,62.297500948345615,66.9185180289268,100.44587682745333,205.92330366986914,136.77106345585022,214.78111452078102,169.53710337267154,153.9372138779502,174.6924636289964,153.20408491220903,121.42604077074205,167.02053445184254,161.84212837118338,277.7778961682229,330.3813628211796,347.3532887752294,197.3881701838477,197.4391429847424,122.62210231260893,2635.228469504925,4017.000796784995,1639.6355021841734,673.5232138743171,4017.000796784995,3151.2743904782446,2997.5372988687595,2254.038771756448,1907.5740195200967,2324.286508565342,3774.6650965954195,2801.883213635012,2558.776842259091,2406.536711113288,2210.1200057224246,2662.84745913139,3540.327604527092,1795.9886435555004,1921.7086079377434,2519.319967449958,2140.134094926223,3784.484182220805,2473.7975111813307,3396.8768203907466,2565.788999343959,1639.6355021841734,1886.3847252407572,2514.4954947294073,4642.801264200474,5248.333543882432,4421.494516203823,184.2767988846945,4637.931029928908,4649.517917529677,4608.000404698292,4459.64261712926,5248.333543882432,4623.2283624181455,4677.463824450035,4641.923404068128,4893.138973987892,4441.346785008356,4644.983094760012,4511.792190601155,4737.022015503043,4633.34988037208,4701.4120347714115,4511.194585159923,4569.250797693484,4999.565191289463,4455.465617256576,4589.370516303263,4588.5032256296745,4421.494516203823,4593.87385263769,4589.425959528652,3138.583686554495,5200.103360080832,436.0576585743752,1202.4048664478444,2612.122516955289,4738.488615242959,3056.6101892233614,3048.5271365458552,2652.8746845241444,4581.610441426325,2057.4012466134827,4852.501278888182,3439.096916410217,4396.13097845705,436.0576585743752,5200.103360080832,3217.347595209229,2270.5976541548553,3541.0982034050103,2301.6739271626925,4308.017032378779,1795.7336386945356,888.7702972964086,2984.4149433763073,2455.303370700684,3550.6568650092786,3380.9155978288413,3559.9543291491977,6788.775753705435,14189.275536861802,0.0,3934.891576610739,2456.355141432778,8799.26404077928,2782.1715228757744,6305.287726263274,6535.89298033422,1440.3774180131943,5251.549611622091,9629.095498942328,9443.510146278644,11887.883904305681,11431.85835540626,3904.592051270114,7228.622661394962,10140.846456725436,10764.454958266215,8982.71324422522,3826.4954668213422,8069.414934057553,3938.3390230095133,2232.147102197068,11470.192477809796,2220.2778300379155,0.0,14189.275536861802,24011.245482344395,0.15045900890950678,154.79519968374493,0.5252656181019907,17205.38917396533,0.3945726356470915,0.2698457568879534
2025-10-14,2025,10,14,1,0,4,287,42,23576.815759809007,28531.788867017087,18255.792431050886,3002.7683680388536,21496.109895385343,19264.814868488556,19928.219847336582,19434.487494105033,18255.792431050886,21078.513450347156,24781.01339140602,24711.938941664153,28531.788867017087,25722.096181392084,24137.178864881113,27722.764801675647,28417.700002941103,27383.538254604875,26611.353603655938,27133.21739608178,22798.253592027155,21339.50294544075,23475.933510001225,22376.794285148997,22702.385124409448,22132.220699809735,23384.170624037062,23023.78916250851,157.62180974758897,392.16125526331894,54.79056258756651,84.43582566285262,93.66088016604152,91.1421020584923,72.17203135861882,54.79056258756651,61.94726351447756,70.479482970989,76.5708144081532,94.42004702696696,214.81213487887024,177.80362998912392,172.00826046398313,180.84024722790528,160.78937866146296,177.06986527179012,173.67301144091232,107.6396088824779,108.68931095566812,153.0658946470823,264.0989691047083,314.10206214040653,392.16125526331894,231.56014263047317,212.74767352996824,126.678804762678,2612.6095088773477,4261.735559043709,501.17005012000527,930.2180176024594,2787.1988032323275,2422.401364233456,2793.0624125512127,2815.7800885424904,3503.937123669257,3583.1213428858455,3416.1750347513757,2397.9613821808043,2999.370626043499,3204.4640752066634,1838.8615787555582,1848.04452931878,985.1964800710462,1935.7286135875231,3678.1569437736675,1445.3536621637986,3561.855498324195,3707.8300486623325,4261.735559043709,2251.717375993013,1845.5805813574727,2430.8932653253473,2487.0317732629615,501.17005012000527,4543.8117844123335,4797.907116106148,4280.024337541522,158.0739870022838,4380.8016735624915,4725.164772692809,4663.419253604825,4332.788171960928,4307.429287800208,4526.19776377659,4549.4872636051,4797.907116106148,4280.024337541522,4363.5184649278435,4772.896580800167,4657.533837286271,4687.981873040892,4581.60489453634,4447.793224893603,4548.892390077398,4375.731390091765,4405.159140799273,4658.070860676903,4614.188727999575,4637.423033659757,4696.952141803732,4382.673407072755,4657.843217579101,3423.57881811991,5758.007125875764,523.676563039029,1223.2145045770594,3871.9678634619877,2816.420999982572,2287.9827644849047,5102.714408948823,2655.7764197358715,3286.350981911094,523.676563039029,2002.1612243837942,4088.995574245745,4293.67129553579,2859.4056031942027,3917.5480692465408,5758.007125875764,2580.5335948946827,3335.1102681543125,2830.8807100651375,4125.426039278487,3383.792085992836,4078.073809191271,2027.1565299093265,5631.7389230191775,3969.6489747082737,4456.338604173309,2282.513201444904,7795.016671487899,16824.446617876616,0.0,4425.069081466806,8991.607050811663,9372.61524196628,5401.902502002326,10374.769068280013,4505.925558011876,3220.8876742282637,6609.4549501998945,16824.446617876616,4219.365534537532,9358.180115121346,13866.515024440303,9525.23487455838,254.85534456174784,4641.745387984505,8371.756599658042,0.0,6869.314732624229,14560.053429308184,14262.190635932502,10676.242322816139,8005.323247569011,2846.939258196009,4483.7962967715575,9837.27864825317,23576.815759809007,0.1273610651510295,157.62180974758897,0.5356861832640148,18375.016782897488,0.4242182069048827,0.2472820481253371
2025-10-15,2025,10,15,2,0,4,288,42,23140.75289209284,27982.323438304178,17702.87328440414,2604.969212141538,21858.47042535701,20778.86127744992,20808.038512315845,17702.87328440414,19613.759434568918,19707.966342841413,22554.410238353503,25695.043443560127,24842.67384914143,24637.1038838655,25756.453568871726,27263.186449265853,24972.223009110236,27982.323438304178,25853.467062529016,26317.20315785118,22132.990834631633,21218.91745027176,22467.826000145793,23616.915513706997,23167.080825568035,21264.395548757257,22590.2431683288,22575.642691027897,155.82380039123393,333.41375105014424,63.64104795005013,75.14892519299343,102.59836154936535,78.66323283989857,88.22516625033857,68.8657305141667,63.64104795005013,65.06690653190093,76.03252672798979,139.7046470873548,162.58213027474244,175.2420341922471,190.75002173725187,165.20572484437608,158.2986150405088,139.29651056789427,129.71425997366973,129.60296549587719,159.5776065109549,149.67305450774631,279.4349240856606,333.41375105014424,317.83523095416524,248.7163999470925,174.0924999183216,143.53786083789714,2619.176222188211,4038.5346291418,737.515282859124,837.9309983929193,737.515282859124,2711.896303180995,3260.5199440449655,2094.1769886987054,2724.9830321998684,3746.064865191625,2796.791943117317,1218.1713238437594,3289.368424058443,1995.7966598453622,1494.040117395052,3476.9467096040735,2399.8788323732765,3254.6639972070357,2186.9620148127665,2340.8089643034373,4038.5346291418,3377.231833824884,2238.825316093794,1468.2879769691951,3508.924209689086,2593.714122885038,2890.079004886196,3016.046836291262,4569.505128933278,5007.5178678602015,4038.5288408808055,262.8133136524545,4712.009449962652,4817.650843836889,4770.972560750178,4038.5288408808055,4871.341201867634,4576.5285723645,4789.44684182045,4548.238589015909,4217.3953519349325,4748.630446626269,4382.90376488243,4297.982731324401,4741.173764089843,5007.5178678602015,4664.260545694674,4174.828158261239,4289.315539689289,4360.53277938906,4594.138639895925,4899.900082617515,4320.490863661341,4696.139496806732,4778.455982269801,4369.7401788960005,3363.221855705,6441.4555248485785,993.5609174220599,1566.0833350188393,4027.266870397362,993.5609174220599,2581.725984256525,5369.057689568018,4667.981444900156,5556.883040227034,2434.046574078516,1147.8190057454062,1739.6864815986926,2674.3149570251685,2936.1920677527846,5201.113354572292,5331.981346811719,3821.4650743798347,6441.4555248485785,3259.5066041904975,5267.1483023689325,2095.8922403011866,2007.7742457524096,2477.208998034635,3272.105306825721,1963.8518395173032,1594.2572726118522,3855.0293937333176,6626.178201480495,20435.810723623475,0.0,5317.125526084334,5680.220601060531,20435.810723623475,0.0,1584.056686025474,7683.584011883975,4553.954995085435,12842.141325673689,7527.138004567731,5163.102327563643,16370.646105165577,5143.723263378002,9014.463113257869,6969.67285137403,751.4986804411105,7481.158857268719,12169.605712147875,2695.0478759476646,0.0,7502.155500657542,5330.8776348493,0.0,9832.425353560624,0.0,10296.993211999597,23140.75289209284,0.11257063347457687,155.82380039123393,0.48226859442725434,17178.081408306985,0.385734474297939,0.2660078864641749
2025-10-16,2025,10,16,3,0,4,289,42,23581.75922577657,28990.577194388556,17922.631748491367,3232.8052220213926,21696.332185151885,18459.631497215058,19542.09379340711,20943.906724096698,20119.125512006227,17922.631748491367,21415.97702726464,24115.627751167318,28535.385185170264,26459.907350755864,26752.227804002978,26821.866932275618,28789.1512091064,28990.577194388556,27705.30909773024,23646.18956993647,24183.566947833424,23508.212404326958,21655.42990214956,23479.63128732696,23093.509845318455,23179.023772725097,23992.64872178502,20954.257955005487,153.032256654694,349.00248864049473,61.707787775903036,76.09456732957997,90.91851516988591,97.15979095669557,61.707787775903036,63.54570494432634,64.56599064496204,90.91803737040695,65.483238733926,111.12390608970534,176.25107097000384,157.50119131231648,190.07101384364003,139.80793915764883,181.76942949419353,173.37683503055044,124.81365186241133,111.33260835798389,121.695461611805,141.6622614263239,251.27263522428822,294.96183965993157,349.00248864049473,264.85047268764123,182.54062376643387,166.44166498117804,2472.655456902124,4153.608800140241,872.7382464675322,782.4995321523252,2384.3946333562085,2844.5662183307404,3563.192483523227,1923.6901182287152,3409.391337819024,1978.488988239161,2476.8055505579678,1692.3054652747865,2497.2784198522904,872.7382464675322,4153.608800140241,2296.9656202489546,3104.537526080417,2897.22296546866,1290.9356810348233,2383.07194571903,2818.4870411474108,2251.184584939714,2221.9092788765097,3450.3069357103896,2974.169270915196,1258.2186140778006,1886.8582124839863,2713.403027158189,4520.136426388754,4962.800564926343,3928.9985585485183,286.2327838043807,4962.800564926343,4953.702427160657,4411.228766306804,4154.030629826701,4844.806386991245,4485.4198235415515,4188.809569150168,4482.797654065313,3928.9985585485183,4556.43560207249,4633.933012968585,4318.806711802,4561.037136757929,4655.593668526946,4236.279996292275,4559.315999365341,4949.141614030507,4272.326343308512,4124.351329583668,4543.445006301719,4400.624812791001,4817.208197526127,4870.152283939897,4572.028137545793,3171.2133568578515,4967.214311209229,840.246123420498,1082.836289108289,2406.4881691722126,3361.0806303854242,4011.0289015827752,2422.9639367415507,3561.816201835647,1350.53859967181,2209.2851213698978,2767.1960959240873,3514.198458304551,840.246123420498,3529.521026852776,2800.811789944444,4826.61942153376,2885.207219263691,4076.381176633594,4967.214311209229,2727.2486919574853,3047.030547313537,4014.701624849561,3853.9373792887154,3753.699613069096,2804.873997457156,1459.5915959791798,4917.439930827748,6742.507365734099,18804.5571899114,0.0,4387.410080672304,7229.027440013485,18804.5571899114,4959.305030655579,6476.5379182890265,2057.87082924859,6214.011521564448,7631.93766633867,5510.4346762425885,2234.603577816353,8985.177178386033,5602.640511072234,3893.24740113819,5759.211757246876,12254.569808743476,4318.17107902554,8002.284808646578,6559.33317880482,4970.284236285396,11650.207109522176,4916.601076055721,2333.332092524756,16575.102634873354,0.0,4881.728055213103,23581.75922577657,0.1370892303271294,153.032256654694,0.49724528013255237,16906.51260588283,0.3988112464653391,0.26736066341771264
2025-10-17,2025,10,17,4,0,4,290,42,23458.712583423912,28182.709088275486,18686.50170632158,3197.6761807493876,21507.14882885378,19590.24678007294,18957.66808971172,19211.727340545698,18996.291499855673,18686.50170632158,21724.05863890904,25553.936110648818,27043.48397762658,25934.88882597329,27210.68315838303,27486.634040732995,26970.45526239839,28182.709088275486,27823.6923916225,26976.12131215466,23620.202909912303,21876.80435296659,21481.0278375977,22387.29454556077,21975.763018368114,21989.46980030813,24304.78649428819,23517.505991085927,153.61756228672502,277.4003211479194,49.85409124263073,74.29724169415199,91.87643011080517,87.14906898220391,49.85409124263073,60.947011938344446,62.13978016133592,62.221728800987755,69.09242333395062,103.71061335459423,229.05763295220007,179.00440390531736,211.23478126378615,141.55606267441252,167.8704106175009,164.84933529480006,153.65489111355495,118.42354118299852,123.37083571902963,138.04552243614302,272.20993157265264,269.9233174060914,277.4003211479194,276.4315033822046,194.6539169229242,182.14393936501227,2650.428616779818,4208.607125524286,1278.9648743063933,801.2706124469771,1904.8860990688106,2761.1672238195856,4207.859639030064,1328.467482389109,2663.5476696428063,2004.2184785913782,4208.607125524286,3042.464998245311,3437.7810230506443,2948.0508348249755,2505.914302927792,1366.552300806168,2325.2200718979957,3170.925273438119,2206.233126712245,3625.457414657739,1278.9648743063933,2095.4553967486413,3099.2061883002607,2300.950301371835,2505.4011278293788,2668.3769843731607,3411.043166279331,2543.5356988796048,4456.746853850287,4820.823361721637,4007.514914192272,227.0313445408818,4679.3697121839,4522.299303659459,4363.161031061879,4349.770443861241,4007.514914192272,4567.686219453728,4622.018199896193,4612.097038451884,4820.823361721637,4802.835967753038,4609.294452708863,4732.115728582412,4360.997218721397,4042.667025379417,4341.183074740122,4396.595306814382,4164.083647599049,4187.644270384564,4563.114790545638,4229.423849803149,4304.087315278543,4661.625561858755,4462.462603431775,4559.053454323593,4198.1594077998425,6517.641335456296,1421.3832288248889,1649.146722807477,2901.117179557092,3267.3237837360107,1670.2589688443188,5977.4359763167095,6040.774236823384,4496.099615071367,2895.198653771297,1479.9114430295535,4904.213234405293,2644.3107345179824,2851.953156669632,5905.39301614844,4997.286818959066,5136.433217394874,6517.641335456296,5661.8602774142855,5048.262703514018,3268.1288854025147,2477.7319507398147,5661.914466052292,3572.836569099639,1421.3832288248889,6152.946047487278,5805.410287960182,7708.016908620858,16452.81552589054,0.0,3370.8460007205713,12371.410404088778,9502.998990854663,7618.048723225961,6413.233223644924,6464.99063092459,9221.89531475221,0.0,12862.966984317505,6968.210207447828,5369.4147038907295,3926.386408975657,7823.714132453421,4384.692870442723,5962.958511825757,6751.390924896285,8124.432622296564,6668.05000891964,4753.7708825271075,16452.81552589054,10763.932911760092,6780.5543897533025,10930.538249434683,8520.477358286242,6355.521826291409,23458.712583423912,0.13631081285376623,153.61756228672502,0.48365070105381075,19013.351787050808,0.4054002153302851,0.23440090436266947
2025-10-18,2025,10,18,5,1,4,291,42,18984.92578571432,23556.613854883526,14769.699005218317,2496.355036382473,17375.824616118498,16446.327709314803,15910.857230928712,14769.699005218317,15299.00104428221,15821.734928395954,17724.570494001884,21638.373533557726,18078.166550166072,23556.613854883526,22398.427308710714,22925.56393268677,21060.33388159905,21085.494547505343,20987.73712455061,21042.975694295576,18605.401604264902,18412.24064464418,19849.388591000672,19710.59829319409,18545.17706754613,19928.661410754183,17140.6491270279,17324.400662495813,144.28046590010828,324.222467679904,54.949862139276384,72.2946992911875,85.37356267133455,90.9209927922586,55.38549032577094,61.75485530043108,58.78528324204301,54.949862139276384,65.12852543879784,120.0179904407085,199.9231825183676,152.68164147502344,160.19490269299,162.14330559655704,141.5187152712799,155.9057390874571,124.32422561270003,126.29057973869085,136.27416418084255,125.31945689010607,218.47458650939913,324.222467679904,309.32464369762465,216.67940597834965,183.43036969010345,133.70723263258188,2700.0961596394213,3908.0902163972705,969.612790221518,820.8119723834274,1686.9141940987759,2953.6395800138457,969.612790221518,3685.909751364063,1858.3938443350107,2323.3384551336317,2556.6637253297945,2334.3929884603212,1482.0285212514998,2456.3872288386706,1518.1583400321886,3553.7660084442505,3597.663555520535,3658.177677251951,2230.9626244877486,3030.6703238709465,3280.2719543951916,2378.201620230302,3379.015294358789,3908.0902163972705,3707.2019215999494,2596.2256736680065,2445.006788957199,3211.6147530846597,4562.16559942007,4900.91117045462,4013.089529162886,211.47629485441016,4706.404478091869,4479.31735075826,4540.482010459849,4298.480461932758,4501.676456027471,4477.876749076535,4575.28852501232,4900.91117045462,4013.089529162886,4466.583742404654,4658.797225998874,4354.252985364973,4805.087018968672,4733.53956143763,4354.418537534559,4426.635622931851,4461.1137404544215,4844.268021286289,4673.393246065709,4343.341791579277,4726.311600821513,4743.909448922596,4558.055006350445,4848.740104983645,3878.1707799872124,6966.346736167557,1945.6618340405753,1198.8283353532931,4701.481630194586,3231.405373787716,2825.1455004257846,3778.618789165034,2056.946329316969,3761.621415298993,3494.138666093996,3254.952330917751,4675.286576907108,3432.0638916842786,3951.392327025171,4578.971063647783,4159.800887474125,3193.0170808553544,4407.300254872462,4792.988138204852,5982.613623195112,1990.8658080656571,3981.8704901762517,6966.346736167557,3041.541198149796,5267.436083226683,1945.6618340405753,3604.6326907994976,6731.841603511988,10969.474831363641,705.8212382438612,2892.593264709335,10141.75762790075,705.8212382438612,8759.388223770795,5282.8934940297095,5967.276666992933,10969.474831363641,5803.14876195189,7555.880762790892,2512.29761234457,10827.096650508667,4193.404372630182,9803.847623059677,8639.767426152654,5766.949888017029,7273.268533848372,7310.195544430088,4670.453601388849,9643.902101762078,8152.121508988518,2795.328188136707,2310.2722902736064,9425.643196395622,8173.190790088414,4880.8175492181945,18984.92578571432,0.13149142980906026,144.28046590010828,0.5010705977428732,17872.274142558694,0.37666396284072556,0.2552649742852996
2025-10-19,2025,10,19,6,1,4,292,42,19657.39933969129,25162.68261992619,14880.963980135362,2849.1261834215866,18520.17890694834,16787.95418868581,16749.311960384985,14880.963980135362,14923.81518407692,16143.077515497343,16562.01582919423,20437.760782821064,22930.32441288053,23104.46460923926,24360.333891036946,20783.868589775277,22707.549073947397,25162.68261992619,21792.94943139362,21994.325422099264,19319.267976080686,18995.8021346197,19291.219105284446,19457.172552514065,19768.15165891428,18439.618735351443,20538.643468728515,18126.132123055282,138.0872735525119,289.22349853698654,46.37814854741052,71.12960751323592,89.77944823457575,71.64717837959323,46.37814854741052,58.301441827815715,51.2031792135093,51.143278654159595,51.792808108570796,95.83444867678936,167.8095491441973,153.59444030370304,187.67167700574123,153.64042789732437,134.39579090871152,152.94927543384168,134.23187947627605,107.08868767133144,129.58296652457275,133.5019455165437,234.87742323150303,265.10079461082984,289.22349853698654,256.1756506725853,186.7982712419174,111.37235544179633,2908.1507718738067,4114.952906441996,1243.223365717379,731.5113369822694,3104.502373045916,3229.494390994385,2540.2592807632122,3442.6537579043397,3667.0812588153663,3762.7768081039153,2461.655156416541,2480.0522792505203,2879.8773694481574,1243.223365717379,2714.5265615644844,2986.2928524933236,3402.8651519627842,2548.4301901952367,1971.1525255815448,1402.908403662698,3142.566548622969,3938.397084421744,2553.579198607414,2935.9822833227045,2865.3417197101385,4114.952906441996,3853.8594138716326,2553.187644052967,4503.398008597201,4902.73404981333,4095.3497075221344,219.31065473241637,4412.428048782858,4592.350315496587,4373.252398828391,4433.3262702538095,4138.528363193544,4129.818129370233,4644.451271212406,4400.031342161033,4521.3758384257235,4585.288138420355,4902.73404981333,4362.052077171887,4605.281579679242,4729.269931915416,4289.853820370613,4884.455097821504,4672.906055323352,4095.3497075221344,4356.185135672834,4632.462242735865,4392.080005501279,4524.526964683545,4725.609388634934,4677.936033341962,3939.932689253461,6654.140088898272,1320.7301727205313,1370.0615073546096,4111.048260176487,4566.989202842496,1320.7301727205313,1891.8894561031923,4652.237602080336,4336.93275990979,3065.1956798433907,3281.543356774807,4662.89420545098,3007.270621858118,2215.6592727124307,2238.6082795140983,5345.218276833245,4616.018268681022,4213.7550251818375,4675.780094593362,4422.772247199265,6654.140088898272,4446.994315130089,1635.5516263094453,4622.60363768298,3611.036121849203,6198.429795926067,4765.086173811618,8755.754565614472,21289.934082301603,0.0,5308.176516801438,7885.17842839465,7962.76107497328,13277.354150813855,9021.090823131417,3949.368070864567,1345.6028299349352,16317.181062416807,4778.1720009187675,10432.72076359388,11437.71290777998,0.0,7743.7249597148,4816.140770916386,9012.797942762612,4774.645493370669,11273.514266292905,272.44986971845026,15363.521326399432,14598.133242616179,3597.105603698743,21289.934082301603,7911.136934316213,11571.574586706538,11506.288383110654,19657.39933969129,0.14493912110076362,138.0872735525119,0.5151061765745322,20107.23603533894,0.435452916065939,0.2239690229269887
2025-10-20,2025,10,20,0,0,4,293,43,24766.102337362896,30923.64486430231,19291.375490717077,3678.9075961823896,20374.594837657445,20289.935153911927,19291.375490717077,19599.501470154606,21071.5928900061,19903.253394167823,21652.864192764715,26234.864215945396,27267.64965497045,30873.031910819882,27630.594773743524,26553.76666359445,27638.44653198281,30845.626796119715,29454.966789793318,30923.64486430231,24405.9099046868,24003.180210988423,24399.79430467652,25961.056467820486,24014.981400703342,24307.215190865307,23024.832873120176,24663.776113196913,158.11376539464496,370.5681386113654,60.42012699487436,80.62914609129456,109.90029400272203,108.5779101433782,64.71644134921831,63.33930889608344,60.42012699487436,71.68325554101821,71.56110208616197,96.88848970022106,193.60657187549225,173.3778638824724,174.68934977118212,195.2279407607048,177.57722234616205,157.49973017850124,112.29863342985509,127.63244641446155,134.74581522411438,172.72191913454873,276.328529158069,370.5681386113654,327.6813760568761,194.3064621311931,205.854011693251,153.5274300895526,3052.183743771259,4529.995893298034,1125.8146619109586,862.9503295591389,3254.8525336357407,3200.6094192435867,3641.1903029497753,2771.9606073032637,3081.3057872388567,3951.630135097894,3738.471110474053,3177.333401161848,3061.021988878458,4011.352449959279,1707.3126452826666,2716.7955856217022,1125.8146619109586,2090.202329179543,2260.4255831302053,2178.494396276211,3417.561883524125,4529.995893298034,1919.6267441308275,2874.6736919754535,3394.6305390783064,4199.382617074845,4199.921796685396,2747.8437473991885,4582.2021584141585,5009.483433518238,4244.272883579681,227.62019521628213,4833.233400403446,4417.149454159281,4715.448460070609,4489.794160639806,4662.998153368423,4387.337224726793,4535.370710706419,4377.276269280017,4603.640174989969,4287.002393722302,4742.896076477044,4413.64832633449,4244.272883579681,4265.349372127512,4882.763781791784,4906.832968607438,4671.090693511535,4937.0359356164745,4397.461075778539,4371.115689397613,4546.633298496401,4763.632046509689,4511.38581812631,5009.483433518238,3459.5984788706005,5975.2463294964,308.7449197534833,1557.7812632526266,4296.050564429219,4879.225623034723,3682.0030446051423,308.7449197534833,4390.55153909743,5114.958855926775,2042.3771496912923,3652.220683878472,1865.74087791115,3527.182305104276,2038.4777574122927,2170.389759829515,2569.642654613843,5975.2463294964,4258.802501942435,4983.88780004093,3467.204825675378,5734.776110648288,3315.5396935174635,4146.784376994408,472.87870597013085,1930.5965249962146,2799.233367595169,5407.847520729981,6818.087345334264,12919.280354647077,0.0,3659.790285868886,6173.6883226262535,5827.172860081901,12441.390629994967,3495.0850220405496,7237.299607321631,8499.171356504863,649.0452967064721,6520.892583165791,7167.165005208933,10564.29162309915,1178.3603871852538,3879.0564561445576,5011.769721280921,0.0,11158.103662245567,3509.4410361962337,9023.774053786901,5063.291721801307,11841.000191143456,6550.444539004085,8625.135801390781,5757.821628092013,12919.280354647077,10541.414428353679,24766.102337362896,0.14854608715043052,158.11376539464496,0.5099438742101156,17912.07172639028,0.38064203010582043,0.2558164252805604
2025-10-21,2025,10,21,1,0,4,294,43,23169.191091942437,27444.23721214051,17343.40703049707,3046.108427169937,19443.883499391846,20194.595248068843,19248.681379364432,17343.40703049707,18170.89870044208,18730.352126026457,22917.810978223515,24011.224233867888,27220.822011928452,26042.670595310916,26343.574165453912,27444.23721214051,26292.42319744816,27025.37052576256,26106.652033425173,24930.437074098696,22194.75097537814,22878.83265780528,22919.546079374748,25145.977557171253,22558.511387031882,23486.73178028975,23264.57342888679,22144.622329230097,152.86081897655097,342.9217119499207,59.7543995574465,77.27845502326417,105.99193677866297,93.74261255582847,65.99810981995357,66.6837103403673,59.91708376374524,59.7543995574465,65.7229147751718,117.87942130889884,173.7914724864744,156.86691412048896,164.7400066484404,175.42064031813143,130.28496007809827,159.64281648414385,131.71692845434356,136.7335683225947,132.73516258476516,160.1882101167498,275.33662133464236,342.9217119499207,311.8258482562628,257.25189661614917,173.8576142269503,149.65509453899315,2715.570325817252,5496.141610946706,1223.4558526438032,999.4534812351857,3329.5467907137117,1948.5400809570901,2307.9874435459024,3562.985284704112,3625.60393577022,2766.8627781285827,2109.983727322311,2363.2263110704976,2058.698212272954,1508.0659900158337,2932.0882102471437,2868.949938930049,2875.1590627328565,1223.4558526438032,3370.61201956017,1404.815108891169,5496.141610946706,1385.3552832910937,3657.2979227613237,2218.3000192412446,3110.4009843297326,2589.639294823162,4256.751505649468,2203.2204510649062,4597.776761896131,5121.554843869845,4296.771280000698,191.77161860854326,4422.009942051302,4681.787367810018,4665.472064255316,4717.036121075266,4694.003472074565,4810.9861742860485,4695.174503389499,4540.115427943824,4296.771280000698,4343.300980224131,4360.44346654481,4383.337337783489,4694.990676972415,4385.262122156084,4666.812505625187,4348.427276110655,5121.554843869845,4738.421308150623,4713.507879876526,4752.409187786761,4558.088649434851,4635.215648088984,4611.723982597515,4509.790067398724,3390.008661150489,6051.341106096923,1468.628397282407,1081.1085180778296,3989.6211758835275,2144.915892673706,4776.356331048059,2528.7008183759112,3644.6051396579455,2633.0861982366605,4449.059473865006,3484.2299738085158,3666.4698217568066,2613.671216197816,1859.5683711737267,3071.297636664872,3818.5381871314203,3315.78403215211,6051.341106096923,4202.608057825169,3476.1283419949555,2840.4074438783027,1801.262487774497,5092.027474767138,3313.76600198709,3548.273857305417,3569.8604300737557,1468.628397282407,7091.925439251201,20814.01629577586,0.0,5125.9103418467075,8410.079516659045,6567.719519307036,8061.952989281867,7309.793170431644,7135.357493994161,0.0,4491.692460771424,8535.42624019662,2505.5991581003955,14293.272286249527,2638.063760841214,7910.511581232329,7734.131000908144,1069.7730615185972,2705.7430214748515,20814.01629577586,6886.087918321135,13872.939996580959,16537.183169291853,3332.4709075991477,0.0,7969.415085107818,5309.253892529767,6115.728015855427,23169.191091942437,0.13147236841726787,152.86081897655097,0.5055478280220308,17795.28118811507,0.39852842808618744,0.25837055977327555
2025-10-22,2025,10,22,2,0,4,295,43,23035.734434597063,27460.2015117731,17887.61600269768,2769.005682576733,22404.06460635168,21105.846132027047,18082.226135710505,17887.61600269768,19608.520039434745,19780.97159121861,22548.751866117647,25393.117355381502,27223.42111423657,27460.2015117731,25050.5561660935,25345.06197545885,27233.783712475823,23533.875719429234,26242.040957722813,23668.42125163516,22324.178023636934,25246.878495289835,21277.95972986874,24281.4822981165,20878.032996491318,22216.956378605122,22586.838002442746,21476.82436811388,160.22603521797063,360.16829606853474,50.607325159668896,82.46403539782567,99.89000987646952,99.42616714780542,50.607325159668896,58.03181058764839,58.18895762263884,72.78576373777967,70.09926086586655,146.1458830677932,171.60280768149204,152.1827537279722,165.4176229922603,166.86749893953842,208.88624445277046,168.6735383097631,140.7727434119203,148.760749853814,133.50405612658585,163.16106318874037,263.0150255129056,358.30874965867787,360.16829606853474,234.38638958106318,192.0166628218015,162.52546483778477,2813.538352007024,4479.483854198383,1066.9070605078837,861.446234391341,1609.6874004412837,3485.3195794618314,2809.0161882947064,3680.138361210769,4479.483854198383,3098.9308195832364,1634.6662883823014,2733.891889368248,3441.111325830154,2365.1840098180696,2666.8583136201332,2251.0953562610634,3449.896075064812,1066.9070605078837,3206.2380553444123,3417.901507624896,1922.3310103611223,2480.4049469753786,1796.5760246214418,2367.500049790542,2237.0767268008367,3863.066271744908,3749.6276325668227,3712.011700295342,4613.988101108825,5032.8972584673775,4104.662859208673,237.21670339381356,4249.110266868764,4643.021338423779,4571.164270833782,4982.465963820866,4879.743756829064,5032.8972584673775,4491.640893418274,4655.637154141227,4697.06851023644,4848.64219952015,4104.662859208673,4800.327904543762,4938.113616041802,4637.964548305445,4544.642443035869,4536.036138119199,4627.150077565807,4147.968856727513,4595.9724655052205,4690.317328732874,4601.738778381232,4534.176686588824,4538.095282988146,4387.155828307687,3206.102749397513,7092.333872782539,452.5692615742733,1397.2378925806117,4009.8391711068098,3593.4635038507613,7092.333872782539,2443.3212557924785,2239.5191098204587,1644.6070216525998,3948.6905043186503,1665.4826247099802,2952.9562898894715,3355.5980343169003,3126.1217621412525,452.5692615742733,1797.6983622818454,3064.422829140361,2637.022505369,2451.392386209796,4369.719866448654,4077.1716372889236,3891.499548705876,4758.605069893553,1455.82121960952,2906.5185118058107,4621.149067181182,4390.942569649617,7726.609186238645,16358.050217663289,0.0,4342.719625852228,1779.5208081402795,14998.335820644677,9260.044347929947,16358.050217663289,7028.655552785309,1152.2785077648675,5415.591845362256,6730.8017391946605,6846.636504891859,6272.302701989982,11717.547663571486,12476.633383727125,12816.116282831652,7935.405015549694,11304.290513682796,0.0,8682.547247239427,9791.802943956625,4300.074815014743,8244.39783327639,10861.874464520177,4787.614818939498,4861.836829556988,1816.260611493748,23035.734434597063,0.12020479270754225,160.22603521797063,0.5146731321513514,18360.238388752005,0.4208338161323756,0.2513032784985778
2025-10-23,2025,10,23,3,0,4,296,43,23385.298400637734,29693.970823899796,17744.771906157184,3366.6797792591315,20711.806220060444,21689.732538265027,19616.749679015033,17744.771906157184,18231.693599288872,18867.77621079623,21443.064091352157,23445.804194618326,26783.955089608575,25625.149322318484,29693.970823899796,25472.53404261142,28475.478436310623,26611.224341965266,28574.838291360757,27598.52718144166,21925.1885609244,24104.210208662415,21889.395027192786,23651.844093522053,21824.354938466666,23357.85272738852,21364.7303270951,22542.50976298389,155.50279911572036,298.31935520446467,57.80578031272159,72.86040858049398,77.40032552741494,91.52000122252602,64.61436170468846,57.80578031272159,75.64639671848609,65.0024223909054,68.09897715083913,107.7606398198398,194.65465328585753,193.68577050807426,204.36427369903018,171.0144069358211,175.6604808940403,181.3379081247952,160.07983576971716,138.00453808256597,124.01869758250088,155.5908600103892,266.14107400314725,298.31935520446467,296.3491006195106,248.66080261931134,172.91010594375243,143.42641064688962,2724.34714414625,4411.323140182834,152.85459710669699,998.0118581889265,2456.0975895415413,4411.323140182834,1861.3868205227354,2507.610957517101,2523.5458611795575,1610.9881511700028,3691.57123185001,957.270624803162,3354.642880964737,2976.151903133086,3284.0614481702055,2759.226481075275,2463.991924890834,3154.352326903413,4286.6232885182335,2879.3604281653543,3396.9874042538613,4267.319267484027,2569.1558623869896,2632.0252222993117,2221.1860816374337,152.85459710669699,2993.5807853042456,1973.017180449342,4488.6486685504315,4902.206770478966,4045.148894615431,237.36257319423996,4703.432874791091,4581.846054790278,4902.206770478966,4732.072268305406,4356.475861497673,4739.714257331537,4874.352967146196,4413.480234780729,4632.227130034904,4124.328722727749,4532.436505270639,4676.685848836507,4432.370497448105,4548.47383034051,4338.314118358368,4128.288970911271,4576.227829335273,4582.481016654063,4580.456839959723,4045.148894615431,4499.920888890604,4121.722771374475,4314.63409334878,4290.268797982083,3224.8109267130276,5696.334811943848,1374.7289264364047,990.827595509872,2371.61847782121,3870.7860663010492,3733.6650359774003,2815.647832866204,1374.7289264364047,3636.6463417173964,2100.630037526034,4090.5233090509023,2232.9409854790238,5696.334811943848,3708.9230875419535,3639.484262401889,1773.273427283485,2818.7425517784072,3422.4169366401966,3459.7234048215255,2307.011136928109,3423.3059430893154,2267.127222201862,3952.100297059028,3237.231955880421,4433.719076607298,2625.3691639433314,4403.5119498163685,7394.325190068458,13614.190166830795,63.18444019123484,3449.4771261195806,8497.721971614596,7311.277611379446,3661.5573317146527,1955.853773819627,6318.5226277677375,8505.6211483969,7062.400532566794,13614.190166830795,12737.324486557392,4591.2465215440425,7666.741331077892,4152.408191489465,4737.792944493611,8372.008194863867,9889.564407708871,6553.8714651523205,11100.684796202078,11090.265010894127,3376.006504260244,6862.044870603261,11233.245731193303,63.18444019123484,7056.528123280406,11053.742378040315,23385.298400637734,0.14396565404388081,155.50279911572036,0.46854724799052344,17832.131929478168,0.41466299258615025,0.2517168831131335
2025-10-24,2025,10,24,4,0,4,297,43,23761.891742341544,29727.229514947296,18705.38981585733,3282.8863099339906,22262.46109187908,18705.38981585733,18929.176406805294,18783.909611111194,19252.393989937067,20730.373903033877,20308.170779962664,26285.945460533243,27295.65010428385,26454.99012206287,25292.46330929346,27037.132940893356,28931.072699015487,29727.229514947296,27108.634666773185,25788.874258451033,22831.53225727094,25095.324181685253,25620.183129321278,22310.492632420654,23979.7360218839,22338.756220976506,22000.77160756793,23214.737090230396,149.02426262703509,306.51294513372267,53.574336424574945,67.34660137225755,112.07051570356045,82.8065806233906,71.84491520681591,53.574336424574945,58.64284866699749,66.32212091153649,74.08451857333844,99.96808273972694,151.229918169848,180.0137018311434,219.32695862826031,176.8978887415001,153.59404815300323,139.69447064345857,131.83450176822524,141.0825225125783,145.12742620602006,152.07637295484173,209.10901779357673,277.1571060200528,306.51294513372267,227.1124256923501,197.65635627414798,148.84272367617115,2650.397668117998,4618.699457700041,1329.9828503489937,751.997890070238,2734.9814972132413,3032.0426633455977,4618.699457700041,2976.6786701826404,1329.9828503489937,2711.5115137272173,2780.754671385934,2236.1300106763724,1497.901019369426,1840.1727841939316,2287.098045310301,4221.167479912943,2233.6510515453933,2412.5587722467094,2323.889705946637,3202.8591853536086,2226.41558778758,3160.532709901511,2260.7669604764365,2382.9700285660474,2537.1985833469394,3591.9452143881454,2274.519017270596,2735.116554635712,4523.841295030838,4789.113736753414,4030.9927683953047,182.8416876354078,4621.6283687083705,4367.42279912331,4428.70305322577,4789.113736753414,4622.989285443795,4472.275363778526,4559.255253742429,4327.961767224376,4430.425560801197,4323.1946527282,4687.694415220538,4511.6549661249555,4788.724456764643,4599.0292392218325,4597.577078759252,4679.423752463843,4329.832734200788,4729.373348493882,4488.207698160003,4030.9927683953047,4463.9084880253595,4649.911712972517,4338.890117683957,4734.0004627238695,4215.955585442666,7331.563723680402,1942.2804989204017,1229.9032010855,4117.892771643987,3948.955068202969,7331.563723680402,4815.627125714831,2783.8769825887093,3009.1963382679432,3626.6736214946586,4613.141146484707,1942.2804989204017,2939.082267526232,4684.438179112433,4441.667763626279,5066.859965757546,2902.1458802869715,4926.05368006274,4652.335729215887,6115.749251095861,5100.25684509378,2638.028080755997,3236.9198505782774,5252.690311827332,3400.282778964929,5053.397558619798,4583.81863110132,7161.744275432256,13771.992822175525,2052.5108449240206,3081.3249592985435,4482.8161377313445,6770.461912908492,7833.525977687231,9256.699852634001,2052.5108449240206,9060.07619032367,6149.819467390933,5936.564498354875,9912.865710541993,5784.844410391562,11441.563029868377,5108.210798913332,9410.16134690052,12985.454847636513,4852.530892028633,6448.115560927402,4755.751026838789,9505.370316535944,2560.5334916550587,6258.995500990981,3036.464222958702,5995.602038888001,8510.931711168229,13771.992822175525,23761.891742341544,0.13815761579639654,149.02426262703509,0.4519170246848109,18551.938824023757,0.38603751033062833,0.24384735945618302
2025-10-25,2025,10,25,5,1,4,298,43,20015.556336880563,23355.256495955342,16358.222937479346,2238.2262109922503,19492.62703206304,16358.222937479346,16799.837496344433,17874.547327904733,16388.781376431347,16536.92987730157,19414.907902448682,20591.546480495537,22918.80978183014,20405.143896793088,23355.256495955342,22910.89574612793,22828.115798103692,23022.723578354155,22273.438073100566,22521.85972410268,19295.151879032226,19199.71650701276,19494.941984370467,20628.157969683474,18940.602731826235,19239.532052805574,20511.20536515862,19370.400070407915,142.91727132612496,299.1069126179839,49.624985998949555,68.2875201200788,87.14182466956599,84.70042299758285,49.624985998949555,51.32666221678563,62.50458456616775,74.04560946694004,55.07291374686023,104.4737015096402,178.60999078504415,167.01474903582744,212.3482311761561,156.9795141803368,190.6625058239429,162.15561881754175,119.22475675127578,106.00869670962037,107.58134957508592,163.33821551340108,217.38428714435045,299.1069126179839,273.2341544929679,176.44602560664924,188.71303439420856,142.31576403011474,2656.8033412192476,3863.2003835945916,1056.8669859758627,795.1840859585226,3542.146314849741,1620.2360423044981,1930.783917651864,2306.010967294041,1056.8669859758627,2124.7351707247008,2352.5362321809043,2507.067096572646,3415.8059735903776,2563.124162488708,3427.2178311612115,2215.4410260194113,3685.72659881777,3692.106167023508,2794.8590679350395,3629.550081166486,3507.802372192699,1942.3440745748076,1845.1142128785248,1903.4535700284239,3863.2003835945916,2143.870886454327,2424.5474477215394,3268.7336060602497,4618.770958955955,5163.450564800131,4296.101256299162,217.3833867394971,4451.297623903906,4893.160599078012,4389.648179919498,5163.450564800131,4463.847574407884,4708.396485125769,4358.771601696567,4589.139180342041,4694.18362558942,4296.101256299162,4423.450628197704,4430.495068004218,4722.572970679726,4816.313049389732,4338.907359181731,4709.851429652207,4615.960474090738,4566.91252278299,4789.913939873321,4631.211007253711,4596.117181332911,4710.043232920635,4479.866851284316,5010.8906091365825,3699.820040000644,6064.628862708988,0.0,1718.1138329706985,0.0,4025.808426256993,2839.489116491763,4665.5808562991815,4826.122793097338,5825.747498542923,4362.351611851577,4452.362984860734,4589.10347445258,2496.1642256820887,4237.8095407002875,4168.813743967955,6061.053224905047,1821.7726448339515,5288.1843971554445,3884.940781315032,4480.657697250961,0.0,1082.8341989328014,6064.628862708988,3461.0661047321005,3631.3814454575627,1842.7758047238892,4687.031525796261,7435.646598391818,15265.905634140192,0.0,3961.398463949231,0.0,8475.999160500558,8490.567572552318,7347.812892648424,13854.53943615878,11862.42256065995,6390.1761594055915,2171.862371896711,6536.481057262141,15265.905634140192,5389.201893911599,7556.063388984724,9563.236379992855,6988.4110855064455,1777.9988126837432,7018.115194126394,12380.598215601469,9264.211523947815,2010.1668906785985,4555.76216395475,12115.647660335588,3856.828761326165,10040.897381794894,5542.61216333392,20015.556336880563,0.11182433170084341,142.91727132612496,0.47781153031009477,18411.040938567665,0.4038688862407306,0.25086962624044246
2025-10-26,2025,10,26,6,1,4,299,43,20613.282388099087,25330.70212490757,16353.138131217764,2681.168773190342,19613.106205455966,17452.596601926012,16883.613807052043,16749.869156483186,17296.389092962254,16353.138131217764,18791.310039713746,22398.887965591388,20340.92046169504,23200.819249407607,22401.890753852018,23339.029124628076,24443.18248600264,25330.70212490757,24521.971559174293,23729.920182004404,21199.38094487649,20396.084878810143,18399.376645432752,20300.527161023307,18658.33865590296,20555.324623320936,21765.214398582575,20597.183064354875,145.09992115475782,357.396338340877,46.29596820859621,76.40959418874816,94.19362270761066,109.6582991171252,55.72713903810642,46.29596820859621,51.67431146294342,53.39757207480493,51.77614574528053,111.58974548330946,151.20984329911454,168.49544139873154,174.04870925029135,138.0988559179304,165.20289947771448,150.13312499183047,154.96158283863332,144.45905727115436,122.31143780424236,139.84302493085931,248.3974200239735,292.67923346287745,357.396338340877,190.53953140338012,196.28867638527151,114.02012707952946,2739.654557893858,4878.674001887225,0.0,1006.9905460900487,2614.3804522221894,2977.8477232775595,3728.6630896195493,3296.577179136262,2475.7118061150427,2855.3322189770774,1619.026930601836,2284.6692469432382,2670.8362964432417,2677.5825571003484,2198.761749891041,1829.5451977026073,3524.4021862756845,3166.5698763953665,2536.03775960863,2599.263848921433,4347.493140398735,3470.1339177576474,1756.54749337885,0.0,4878.674001887225,3177.8433937160275,1537.0307539352873,3528.7785691477134,4584.276430155688,4970.928185016724,4325.527550996291,200.91858916932992,4907.837919842553,4584.052108498359,4970.928185016724,4480.341000130456,4964.44950622483,4618.1714073732865,4419.4177390122195,4831.410850451727,4663.487788270402,4340.9995383072555,4373.98999525655,4494.982876354732,4588.898941006775,4384.013044698299,4747.3583723839065,4510.0854202231985,4475.348243425767,4494.052382070532,4877.569291238881,4349.833326522468,4599.820176335975,4525.120052940629,4494.938607154682,4325.527550996291,3535.8979352172987,7274.973348830226,0.0,1689.4196304666311,4273.312692586319,2427.4773126740797,1606.6846966541345,1860.3086096604009,5719.695542707736,3935.102429208531,2179.372990859754,7274.973348830226,5347.915382416397,3258.215341699337,1777.8124038386034,5487.469735933273,4329.682342929896,4317.586071261415,4105.79935858183,1500.3265840084462,4316.830082217423,2571.0314336305796,2726.663033380737,0.0,3511.680629417781,3107.777619336793,5921.086764533891,3304.7460388475893,6939.3753790406745,13566.567973498835,0.0,3841.4313652480987,9980.65253531469,10373.080553949323,6883.69488081616,1972.5925429981282,2741.106615688785,8333.130685207783,9703.951248398405,6819.621312481483,11045.274749322825,8572.178634320393,8446.499491664916,0.0,0.0,10112.85530881976,13566.567973498835,5236.633804413772,4672.596364423939,5709.020110643651,1488.5028021245041,9480.667635444659,3510.125793965913,8188.64294643357,12881.884542203534,6825.728564841137,20613.282388099087,0.1300699579382997,145.09992115475782,0.5265998325888318,17799.20430230752,0.3898699773978684,0.25755513293149707
2025-10-27,2025,10,27,0,0,4,300,44,24484.921836595313,31371.56186484756,19441.114168599062,3349.631637661936,24436.79178254358,20922.85419000783,20848.34391509821,20089.63912461383,20310.028758508426,19441.114168599062,21240.51957217781,27423.10268996108,28449.347473548936,27223.837021123752,29329.922382150082,26235.58311921351,27197.59840207701,27912.76725342628,31371.56186484756,28665.657190278274,24318.297677255036,21670.081678504863,24121.00925277003,22411.955802994722,22739.297983206532,23639.945774438806,23829.1986559956,23809.66834494661,159.06430093572575,316.7527349892295,57.500375319406785,75.7729119079929,90.06602955631271,111.50888203979405,75.97954848098247,67.51927685244831,67.82678865010203,57.500375319406785,70.85011944677065,113.10657701397427,191.6334194057267,225.57767095855718,234.42124705416254,164.64230898216135,185.10397183960913,174.70661195403702,148.8473306014953,133.27164150735945,139.4794329258024,142.29421562324987,308.22063684137544,316.7527349892295,289.0411487463001,212.80894816148367,164.50448043478028,131.87982507229628,2735.8259309002237,4488.836447726598,1183.818167731732,747.0297288770466,2152.2393073344488,2081.58133524129,2480.9526038256313,3114.5570252978423,2344.685122390333,3431.4539244136345,3033.180499726888,2747.0213983703943,1516.4700908663888,3039.1224999676306,3276.466928611286,2753.4338129715,4488.836447726598,3265.413524177159,1661.621736294184,2173.955274040171,1183.818167731732,3852.654208576609,3192.6956832309925,2576.361009311629,2239.6458917894975,3187.294585462947,3033.5195936952273,2832.841670551349,4490.447460405557,4927.115036272525,4146.778682035471,196.43186792677812,4927.115036272525,4643.513135579377,4689.286749453612,4467.579776333484,4190.380705763016,4367.226843016403,4535.445063804957,4764.293110779696,4344.048777548375,4410.855703585688,4671.389025413308,4764.412496942316,4369.371905375468,4350.822302766561,4719.827419849439,4423.476110839707,4494.005552435739,4288.900170443392,4379.804552215803,4486.779800204308,4306.9549706408125,4418.211937754586,4610.259220679301,4146.778682035471,3662.8192164882735,5748.9497593464675,697.2159138325611,1418.095950858624,3264.4488503201446,2909.623373042109,697.2159138325611,3467.2272331557215,852.8332048398681,3007.5725337292783,5748.9497593464675,4706.545591783529,3245.2659218273525,5512.619019508246,4627.701096957154,4214.219247623621,4466.861146890762,2040.6855359511342,3403.8627766802815,3402.239492036721,5370.160264513397,5648.6195010116635,3823.4304025124193,2846.6766048772624,4146.919109297739,4676.241332117352,1372.810254574713,4454.9330292890745,6865.162222002301,15277.305351797364,0.0,3952.2949716719786,1349.0105913139373,7587.063236088677,11833.534050729002,8441.693627479443,7291.341716424455,7121.908392447702,4485.1841064825085,8985.459511435569,1542.7496962312753,3784.376996909758,0.0,3672.2738922197705,7289.862655862944,7934.739475806858,6954.8596460891395,11614.948596528553,6826.384694513092,15277.305351797364,5080.553795396327,0.0,7856.132703385039,11435.395935585515,12188.026467188742,6211.088188139533,24484.921836595313,0.13680385259206979,159.06430093572575,0.47636654775612414,17754.254829796355,0.38667701279586997,0.25292232782810986
2025-10-28,2025,10,28,1,0,4,301,44,22957.753508847876,29399.49009018108,17339.764695492904,3010.4647288967417,22669.463876581918,20121.788405856914,19635.88525472681,18877.131999216464,19573.34585905545,17339.764695492904,24973.967633805714,24788.568898047353,25490.967695239655,23842.861133135975,25121.55958301,26840.09204052302,23662.77150183147,29399.49009018108,26711.527045509207,27621.848367395043,21750.819581274212,22233.572750900275,21011.115160146073,20599.1502799276,21897.332505016453,23766.35604738131,21852.760545017787,21203.943263076435,156.3908727301612,350.21964107745373,56.25569114753323,78.05501953675002,102.24302416977599,112.57029261210539,65.77307746561235,56.25569114753323,68.05614803168105,63.3480297269268,64.12417357213428,101.537922737542,187.07436798784624,173.48165872876382,205.88532956374812,157.83520408980496,146.20124161786998,146.59627993123317,161.15297954437295,142.86001342596313,142.40736254259014,163.4746432367647,307.36240925061355,278.4139054889415,350.21964107745373,247.04712165316673,179.67348558868122,129.7869423327439,2897.3437232750402,5325.152405401677,1418.091992757065,991.9527440054637,1704.6266619818628,3875.341418333768,2514.958636798297,2414.745575203049,3758.338225401253,2941.2275113016863,2377.7777005839544,3795.6031092329094,3712.8795111556337,3020.185753670561,4600.861889264056,1809.4664590777734,5325.152405401677,1970.3574141854033,3495.408427349468,1418.091992757065,2194.1587974700183,3528.9194180581294,1817.116936478335,3455.908737187104,2149.58816962824,3068.928653706039,1907.6416485441407,2678.964305830542,4562.480939217735,4994.334202395094,3981.516106063881,247.3973507612529,4262.649243186196,4819.823609694568,4994.334202395094,4590.131623859911,4711.803610159723,4256.470335150456,4725.644408667611,4682.5621740274255,4279.629161860986,3981.516106063881,4454.375194668957,4600.065377822323,4607.125829119037,4604.411934490322,4722.26948346216,4422.436431934454,4813.261587753087,4623.955052871235,4361.407335349418,4357.26974404958,4762.701963006987,4887.377642165259,4241.949469720136,4736.371019746824,3554.1476966854298,6672.771700729511,272.1815192866243,1484.6482569803663,272.1815192866243,3751.113285608505,3945.4435912367344,4838.12378548323,519.4114965940747,3096.2709702889606,3916.654813406898,3297.6494864972265,6672.771700729511,4129.374641214817,4280.529705908543,5145.157097086079,2520.560238396342,4725.60443194623,2925.129007126229,3865.650205099056,4374.769312393004,2270.619958448406,4272.465768963727,1389.5002626840546,4700.789428384682,3192.7510833982556,2285.6827025009347,4911.340227768189,7299.548223856317,16492.139111959696,0.0,4175.497301365708,2758.5736239732432,4579.376116748663,2942.12435959149,0.0,8783.980124073112,5241.9174643071465,16492.139111959696,4515.96945492658,5341.278731277034,5284.262535986038,12563.928917335437,6892.743757764197,4158.803350186557,9162.287426570554,14307.1967288922,13817.640625086164,7707.2611930482235,2195.356866042993,8964.785588888253,8266.939503319016,5526.975412011153,5274.213908417337,8301.141435626934,12110.261136519599,22957.753508847876,0.1311306320863021,156.3908727301612,0.49910214179459916,18313.520583034522,0.3985879280152475,0.24913183232744313
